scenario_id,run_id,axis,method,cost_family,speed_label,start_x,start_y,stop_rule_sec,status,run_dir,cost_function_config,controller_config,barrier_alpha,cross_valley_beta,tilt_gamma,noise_std_dev,noise_seed,final_distance_m,min_distance_m,time_to_success_sec,success_radius_m,tail_mean_distance_m,tail_std_distance_m,path_length_m,max_vx_cmd_mps,max_wz_cmd_radps,max_left_wheel_rpm,max_right_wheel_rpm,vx_saturation_pct,wz_saturation_pct,physical_feasibility_label,gaussian_fill_count,entered_success_radius
P5B-PILOT-01-G1_GLOBALW40_START1_SLOW,20260622T232806Z_phase5b_pilot_g1_globalw40_start1_slow_execute,pilot_replication,baseline_hbesc,gaussian_two_basin_globalW40,slow,1,1,700,sim_time_reached,/home/mattb/dsim-lab/experiments/hbesc_gaussian_fill_study/results/runs/20260622T232806Z_phase5b_pilot_g1_globalw40_start1_slow_execute,~/dsim-lab/ros2_ws/src/ros_esc/paper_recreations/heavy_ball_PDE_ESC/cost_function/gaussian_two_basin_globalW40.json,~/dsim-lab/ros2_ws/src/ros_esc/ros_esc/controller_node/controller_config_files/turtlebot_vehicle/accelerated_methods/hbesc_baseline_slow_full_rotation.json,,,,,,10.69518159646042,9.872771282562164,,2.0,10.401712910147356,0.2266612224593184,34.5493029569072,0.05,0.25,20.183740510290367,20.183740510290367,99.54951956150279,28.027428267092734,within_turtlebot3_burger_reference_limits,,no
P5B-PILOT-02-G2_GLOBALW40_START1_REAL,20260622T233249Z_phase5b_pilot_g2_globalw40_start1_real_execute,pilot_replication,baseline_hbesc,gaussian_two_basin_globalW40,real,1,1,700,sim_time_reached,/home/mattb/dsim-lab/experiments/hbesc_gaussian_fill_study/results/runs/20260622T233249Z_phase5b_pilot_g2_globalw40_start1_real_execute,~/dsim-lab/ros2_ws/src/ros_esc/paper_recreations/heavy_ball_PDE_ESC/cost_function/gaussian_two_basin_globalW40.json,~/dsim-lab/ros2_ws/src/ros_esc/ros_esc/controller_node/controller_config_files/turtlebot_vehicle/accelerated_methods/hbesc_baseline_real_full_rotation.json,,,,,,1.394487561496768,1.3763432824061501,59.431999999999995,2.0,1.4145426926661808,0.0195721143803127,168.06912900283828,0.2419026343264141,0.75,87.14532796035418,87.14532796035418,99.36487175508213,0.09754151056330222,exceeds_turtlebot3_burger_reference_limits,,yes
P5B-PILOT-03-G3_GLOBALW40_START1_FAST,20260622T233659Z_phase5b_pilot_g3_globalw40_start1_fast_execute,pilot_replication,baseline_hbesc,gaussian_two_basin_globalW40,fast_sim_only,1,1,700,sim_time_reached,/home/mattb/dsim-lab/experiments/hbesc_gaussian_fill_study/results/runs/20260622T233659Z_phase5b_pilot_g3_globalw40_start1_fast_execute,~/dsim-lab/ros2_ws/src/ros_esc/paper_recreations/heavy_ball_PDE_ESC/cost_function/gaussian_two_basin_globalW40.json,~/dsim-lab/ros2_ws/src/ros_esc/ros_esc/controller_node/controller_config_files/turtlebot_vehicle/accelerated_methods/hbesc_baseline_fast_sim_full_rotation.json,,,,,,2.299954396183744,2.177649505712743,,2.0,2.2341622965561907,0.03467581158486691,278.46616803115813,0.4,1.25,144.3245961219687,144.3245961219687,99.96120508102597,0.8922831364029351,exceeds_turtlebot3_burger_reference_limits,,no
P5B-PILOT-04-H1_ORIGINAL_START0_SLOW,20260622T234109Z_phase5b_pilot_h1_original_start0_slow_execute,pilot_replication,baseline_hbesc,gaussian_two_basin_original,slow,0,0,700,sim_time_reached,/home/mattb/dsim-lab/experiments/hbesc_gaussian_fill_study/results/runs/20260622T234109Z_phase5b_pilot_h1_original_start0_slow_execute,~/dsim-lab/ros2_ws/src/ros_esc/paper_recreations/heavy_ball_PDE_ESC/cost_function/gaussian_two_basin_original.json,~/dsim-lab/ros2_ws/src/ros_esc/ros_esc/controller_node/controller_config_files/turtlebot_vehicle/accelerated_methods/hbesc_baseline_slow_full_rotation.json,,,,,,11.00860238825824,10.84131584119327,,2.0,11.356828697460214,0.25699108620841743,34.50089012477941,0.05,0.25,20.183740510290367,20.183740510290367,100.0,0.5206078568494898,within_turtlebot3_burger_reference_limits,,no
P5B-PILOT-05-H2_ORIGINAL_START0_REAL,20260622T234519Z_phase5b_pilot_h2_original_start0_real_execute,pilot_replication,baseline_hbesc,gaussian_two_basin_original,real,0,0,700,sim_time_reached,/home/mattb/dsim-lab/experiments/hbesc_gaussian_fill_study/results/runs/20260622T234519Z_phase5b_pilot_h2_original_start0_real_execute,~/dsim-lab/ros2_ws/src/ros_esc/paper_recreations/heavy_ball_PDE_ESC/cost_function/gaussian_two_basin_original.json,~/dsim-lab/ros2_ws/src/ros_esc/ros_esc/controller_node/controller_config_files/turtlebot_vehicle/accelerated_methods/hbesc_baseline_real_full_rotation.json,,,,,,11.924887622782483,9.597748661359033,,2.0,11.364978602598697,1.0478316515820238,167.1667903465862,0.2419026343264141,0.6704516083113097,80.214930786269,85.32681694139245,100.0,0.0,exceeds_turtlebot3_burger_reference_limits,,no
P5B-PILOT-06-H3_ORIGINAL_START0_FAST,20260622T234930Z_phase5b_pilot_h3_original_start0_fast_execute,pilot_replication,baseline_hbesc,gaussian_two_basin_original,fast_sim_only,0,0,700,sim_time_reached,/home/mattb/dsim-lab/experiments/hbesc_gaussian_fill_study/results/runs/20260622T234930Z_phase5b_pilot_h3_original_start0_fast_execute,~/dsim-lab/ros2_ws/src/ros_esc/paper_recreations/heavy_ball_PDE_ESC/cost_function/gaussian_two_basin_original.json,~/dsim-lab/ros2_ws/src/ros_esc/ros_esc/controller_node/controller_config_files/turtlebot_vehicle/accelerated_methods/hbesc_baseline_fast_sim_full_rotation.json,,,,,,9.086424261304018,8.825409577188017,,2.0,11.487728069339738,1.5839212759954948,278.52764163513064,0.4,0.8171087379094885,124.92582254318233,134.42851257568412,100.0,0.0,exceeds_turtlebot3_burger_reference_limits,,no
P5B-PILOT-07-Q1_QUADRATIC_START0_REAL,20260622T235340Z_phase5b_pilot_q1_quadratic_start0_real_execute,pilot_replication,baseline_hbesc,quadratic_bowl,real,0,0,300,sim_time_reached,/home/mattb/dsim-lab/experiments/hbesc_gaussian_fill_study/results/runs/20260622T235340Z_phase5b_pilot_q1_quadratic_start0_real_execute,~/dsim-lab/ros2_ws/src/ros_esc/paper_recreations/heavy_ball_PDE_ESC/cost_function/polynomial_quadratic_bowl_center10.json,~/dsim-lab/ros2_ws/src/ros_esc/ros_esc/controller_node/controller_config_files/turtlebot_vehicle/accelerated_methods/hbesc_baseline_real_full_rotation.json,,,,,,0.6426766098435613,0.642669360089938,86.938,2.0,0.660949041965582,0.011221953216990831,47.504428210374776,0.2419026343264141,0.75,87.14532796035418,87.14532796035418,31.7941505846811,4.635778836888298,exceeds_turtlebot3_burger_reference_limits,,yes
P5B-PILOT-08-Q2_QUADRATIC_START6_REAL,20260622T235536Z_phase5b_pilot_q2_quadratic_start6_real_execute,pilot_replication,baseline_hbesc,quadratic_bowl,real,6,6,300,sim_time_reached,/home/mattb/dsim-lab/experiments/hbesc_gaussian_fill_study/results/runs/20260622T235536Z_phase5b_pilot_q2_quadratic_start6_real_execute,~/dsim-lab/ros2_ws/src/ros_esc/paper_recreations/heavy_ball_PDE_ESC/cost_function/polynomial_quadratic_bowl_center10.json,~/dsim-lab/ros2_ws/src/ros_esc/ros_esc/controller_node/controller_config_files/turtlebot_vehicle/accelerated_methods/hbesc_baseline_real_full_rotation.json,,,,,,0.6391665854204549,0.6391665854204549,84.048,2.0,0.6565770582317285,0.010728128516601139,46.849998485720576,0.2419026343264141,0.75,87.14532796035418,87.14532796035418,30.13249342738892,1.447275945544941,exceeds_turtlebot3_burger_reference_limits,,yes
P5B-PILOT-09-Q3_QUADRATIC_START8_REAL,20260622T235732Z_phase5b_pilot_q3_quadratic_start8_real_execute,pilot_replication,baseline_hbesc,quadratic_bowl,real,8,8,300,sim_time_reached,/home/mattb/dsim-lab/experiments/hbesc_gaussian_fill_study/results/runs/20260622T235732Z_phase5b_pilot_q3_quadratic_start8_real_execute,~/dsim-lab/ros2_ws/src/ros_esc/paper_recreations/heavy_ball_PDE_ESC/cost_function/polynomial_quadratic_bowl_center10.json,~/dsim-lab/ros2_ws/src/ros_esc/ros_esc/controller_node/controller_config_files/turtlebot_vehicle/accelerated_methods/hbesc_baseline_real_full_rotation.json,,,,,,0.5957476477521624,0.5955977056491061,13.871999999999998,2.0,0.6020915486221022,0.004183326091438386,34.91472659112374,0.2419026343264141,0.75,77.30684226047997,80.29745493390622,6.068739088516559,0.1407092789952315,exceeds_turtlebot3_burger_reference_limits,,yes
P5B-PILOT-10-R1_QUARTIC_START0_REAL,20260622T235928Z_phase5b_pilot_r1_quartic_start0_real_execute,pilot_replication,baseline_hbesc,quartic_bowl,real,0,0,300,sim_time_reached,/home/mattb/dsim-lab/experiments/hbesc_gaussian_fill_study/results/runs/20260622T235928Z_phase5b_pilot_r1_quartic_start0_real_execute,~/dsim-lab/ros2_ws/src/ros_esc/paper_recreations/heavy_ball_PDE_ESC/cost_function/polynomial_quartic_bowl_center10.json,~/dsim-lab/ros2_ws/src/ros_esc/ros_esc/controller_node/controller_config_files/turtlebot_vehicle/accelerated_methods/hbesc_baseline_real_full_rotation.json,,,,,,0.9258313667593282,0.9258313667593282,105.808,2.0,0.964026729237856,0.022882432562095118,18.730115794905604,0.2419026343264141,0.75,87.14532796035418,87.14532796035418,20.10821497320639,6.84667811248114,exceeds_turtlebot3_burger_reference_limits,,yes
P5B-PILOT-11-R2_QUARTIC_START6_REAL,20260623T000124Z_phase5b_pilot_r2_quartic_start6_real_execute,pilot_replication,baseline_hbesc,quartic_bowl,real,6,6,300,sim_time_reached,/home/mattb/dsim-lab/experiments/hbesc_gaussian_fill_study/results/runs/20260623T000124Z_phase5b_pilot_r2_quartic_start6_real_execute,~/dsim-lab/ros2_ws/src/ros_esc/paper_recreations/heavy_ball_PDE_ESC/cost_function/polynomial_quartic_bowl_center10.json,~/dsim-lab/ros2_ws/src/ros_esc/ros_esc/controller_node/controller_config_files/turtlebot_vehicle/accelerated_methods/hbesc_baseline_real_full_rotation.json,,,,,,0.8309610889152741,0.8309610889152741,30.464,2.0,0.8545104652063126,0.01388428928465239,6.880025481464561,0.2419026343264141,0.6556045690414145,68.24712916140273,75.2948669146846,0.3886729594669628,0.0,exceeds_turtlebot3_burger_reference_limits,,yes
P5B-PILOT-12-R3_QUARTIC_START8_REAL,20260623T000321Z_phase5b_pilot_r3_quartic_start8_real_execute,pilot_replication,baseline_hbesc,quartic_bowl,real,8,8,300,sim_time_reached,/home/mattb/dsim-lab/experiments/hbesc_gaussian_fill_study/results/runs/20260623T000321Z_phase5b_pilot_r3_quartic_start8_real_execute,~/dsim-lab/ros2_ws/src/ros_esc/paper_recreations/heavy_ball_PDE_ESC/cost_function/polynomial_quartic_bowl_center10.json,~/dsim-lab/ros2_ws/src/ros_esc/ros_esc/controller_node/controller_config_files/turtlebot_vehicle/accelerated_methods/hbesc_baseline_real_full_rotation.json,,,,,,0.7316123993635314,0.7316123993635314,30.837999999999997,2.0,0.7525895423563703,0.012419987215460946,2.189542970378814,0.03489519886833026,0.3190522398278668,10.53759618885974,13.978639197094491,0.0,0.0,within_turtlebot3_burger_reference_limits,,yes
P5B-PILOT-13-W1_DOUBLE_WELL_START1_SLOW,20260623T000517Z_phase5b_pilot_w1_double_well_start1_slow_execute,pilot_replication,baseline_hbesc,quartic_double_well,slow,1,1,700,sim_time_reached,/home/mattb/dsim-lab/experiments/hbesc_gaussian_fill_study/results/runs/20260623T000517Z_phase5b_pilot_w1_double_well_start1_slow_execute,~/dsim-lab/ros2_ws/src/ros_esc/paper_recreations/heavy_ball_PDE_ESC/cost_function/polynomial_quartic_double_well_local2_global10.json,~/dsim-lab/ros2_ws/src/ros_esc/ros_esc/controller_node/controller_config_files/turtlebot_vehicle/accelerated_methods/hbesc_baseline_slow_full_rotation.json,,,,,,11.308982151748447,10.717800507469901,,2.0,11.309972657088133,0.029988657550398694,14.878721691396061,0.05,0.25,20.183740510290367,20.183740510290367,15.754886730668217,9.870693027258401,within_turtlebot3_burger_reference_limits,,no
P5B-PILOT-14-W2_DOUBLE_WELL_START1_REAL,20260623T000927Z_phase5b_pilot_w2_double_well_start1_real_execute,pilot_replication,baseline_hbesc,quartic_double_well,real,1,1,700,sim_time_reached,/home/mattb/dsim-lab/experiments/hbesc_gaussian_fill_study/results/runs/20260623T000927Z_phase5b_pilot_w2_double_well_start1_real_execute,~/dsim-lab/ros2_ws/src/ros_esc/paper_recreations/heavy_ball_PDE_ESC/cost_function/polynomial_quartic_double_well_local2_global10.json,~/dsim-lab/ros2_ws/src/ros_esc/ros_esc/controller_node/controller_config_files/turtlebot_vehicle/accelerated_methods/hbesc_baseline_real_full_rotation.json,,,,,,11.288394397940896,9.726544985916492,,2.0,11.30672860419345,0.05329278608411035,30.022393326428244,0.2419026343264141,0.75,87.14532796035418,87.14532796035418,5.40249653259362,4.54257975034674,exceeds_turtlebot3_burger_reference_limits,,no
P5B-PILOT-15-W3_DOUBLE_WELL_START1_FAST,20260623T001337Z_phase5b_pilot_w3_double_well_start1_fast_execute,pilot_replication,baseline_hbesc,quartic_double_well,fast_sim_only,1,1,700,sim_time_reached,/home/mattb/dsim-lab/experiments/hbesc_gaussian_fill_study/results/runs/20260623T001337Z_phase5b_pilot_w3_double_well_start1_fast_execute,~/dsim-lab/ros2_ws/src/ros_esc/paper_recreations/heavy_ball_PDE_ESC/cost_function/polynomial_quartic_double_well_local2_global10.json,~/dsim-lab/ros2_ws/src/ros_esc/ros_esc/controller_node/controller_config_files/turtlebot_vehicle/accelerated_methods/hbesc_baseline_fast_sim_full_rotation.json,,,,,,11.280492125575384,9.19375333077812,,2.0,11.300940162805459,0.05314882333212778,32.1376148110697,0.4,1.25,144.3245961219687,144.3245961219687,3.022449635068833,0.28020511457398856,exceeds_turtlebot3_burger_reference_limits,,no
P5B-PILOT-GF-Q1_QUADRATIC_START0_REAL,20260623T001748Z_phase5b_pilot_gf_q1_quadratic_start0_real_execute,pilot_gaussian_fill_pair,gaussian_fill,quadratic_bowl,conservative,0,0,500,sim_time_reached,/home/mattb/dsim-lab/experiments/hbesc_gaussian_fill_study/results/runs/20260623T001748Z_phase5b_pilot_gf_q1_quadratic_start0_real_execute,~/dsim-lab/ros2_ws/src/ros_esc/paper_recreations/heavy_ball_PDE_ESC/cost_function/polynomial_quadratic_bowl_center10.json,~/dsim-lab/ros2_ws/src/ros_esc/ros_esc/controller_node/controller_config_files/turtlebot_vehicle/accelerated_methods/hbesc_gaussian_conservative_full_rotation.json,,,,,,5.1963693704042875,1.3328278919244785,320.99399999999997,2.0,4.849577458649237,0.25789293369406796,20.22154819615762,0.05,0.25,20.183740510290367,20.183740510290367,54.264914116850335,1.6991934987379178,within_turtlebot3_burger_reference_limits,1,yes
P5B-PILOT-GF-R1_QUARTIC_START0_REAL,20260623T002056Z_phase5b_pilot_gf_r1_quartic_start0_real_execute,pilot_gaussian_fill_pair,gaussian_fill,quartic_bowl,conservative,0,0,500,sim_time_reached,/home/mattb/dsim-lab/experiments/hbesc_gaussian_fill_study/results/runs/20260623T002056Z_phase5b_pilot_gf_r1_quartic_start0_real_execute,~/dsim-lab/ros2_ws/src/ros_esc/paper_recreations/heavy_ball_PDE_ESC/cost_function/polynomial_quartic_bowl_center10.json,~/dsim-lab/ros2_ws/src/ros_esc/ros_esc/controller_node/controller_config_files/turtlebot_vehicle/accelerated_methods/hbesc_gaussian_conservative_full_rotation.json,,,,,,5.886154375905488,3.6082443475717687,,2.0,6.016806623839191,0.06379030040741623,17.99975817105964,0.05,0.25,20.183740510290367,20.183740510290367,48.81208507499385,5.893471846569954,within_turtlebot3_burger_reference_limits,1,no
P5B-PILOT-GF-R2_QUARTIC_START6_REAL,20260623T002403Z_phase5b_pilot_gf_r2_quartic_start6_real_execute,pilot_gaussian_fill_pair,gaussian_fill,quartic_bowl,conservative,6,6,500,sim_time_reached,/home/mattb/dsim-lab/experiments/hbesc_gaussian_fill_study/results/runs/20260623T002403Z_phase5b_pilot_gf_r2_quartic_start6_real_execute,~/dsim-lab/ros2_ws/src/ros_esc/paper_recreations/heavy_ball_PDE_ESC/cost_function/polynomial_quartic_bowl_center10.json,~/dsim-lab/ros2_ws/src/ros_esc/ros_esc/controller_node/controller_config_files/turtlebot_vehicle/accelerated_methods/hbesc_gaussian_conservative_full_rotation.json,,,,,,5.1471117895169325,4.258246252964875,,2.0,5.255461732979597,0.0649274256046972,11.793561976566078,0.05,0.25,20.183740510290367,20.183740510290367,19.95904895788766,0.5286962899578265,within_turtlebot3_burger_reference_limits,1,no
P5B-PILOT-GF-W2_DOUBLE_WELL_START1_REAL,20260623T002712Z_phase5b_pilot_gf_w2_double_well_start1_real_execute,pilot_gaussian_fill_pair,gaussian_fill,quartic_double_well,conservative,1,1,700,sim_time_reached,/home/mattb/dsim-lab/experiments/hbesc_gaussian_fill_study/results/runs/20260623T002712Z_phase5b_pilot_gf_w2_double_well_start1_real_execute,~/dsim-lab/ros2_ws/src/ros_esc/paper_recreations/heavy_ball_PDE_ESC/cost_function/polynomial_quartic_double_well_local2_global10.json,~/dsim-lab/ros2_ws/src/ros_esc/ros_esc/controller_node/controller_config_files/turtlebot_vehicle/accelerated_methods/hbesc_gaussian_conservative_full_rotation.json,,,,,,13.377432700273584,10.402387268185924,,2.0,13.394593397267354,0.0073841828471728444,9.499340349129378,0.05,0.25,20.183740510290367,20.183740510290367,12.59603339135062,0.48557143332261676,within_turtlebot3_burger_reference_limits,1,no
P5B-PILOT-GF-G2_GLOBALW40_START1_REAL,20260623T003127Z_phase5b_pilot_gf_g2_globalw40_start1_real_execute,pilot_gaussian_fill_pair,gaussian_fill,gaussian_two_basin,conservative,1,1,700,sim_time_reached,/home/mattb/dsim-lab/experiments/hbesc_gaussian_fill_study/results/runs/20260623T003127Z_phase5b_pilot_gf_g2_globalw40_start1_real_execute,~/dsim-lab/ros2_ws/src/ros_esc/paper_recreations/heavy_ball_PDE_ESC/cost_function/gaussian_two_basin_globalW40.json,~/dsim-lab/ros2_ws/src/ros_esc/ros_esc/controller_node/controller_config_files/turtlebot_vehicle/accelerated_methods/hbesc_gaussian_conservative_full_rotation.json,,,,,,0.15901452348071352,0.15308967736342896,284.41,2.0,0.16046433193437507,0.0032991409296000453,16.071543186633544,0.05,0.25,20.183740510290367,20.183740510290367,29.394606494221243,2.4744083654375344,within_turtlebot3_burger_reference_limits,1,yes
P5B-CURV-SHALLOW-HB,20260623T003542Z_phase5b_curv_shallow_hb_execute,quartic_curvature_and_shape,baseline_hbesc,quartic_bowl,real,0,0,500,sim_time_reached,/home/mattb/dsim-lab/experiments/hbesc_gaussian_fill_study/results/runs/20260623T003542Z_phase5b_curv_shallow_hb_execute,~/dsim-lab/experiments/hbesc_gaussian_fill_study/configs/cost_functions/phase5b_quartic_center10_scale0001.json,~/dsim-lab/experiments/hbesc_gaussian_fill_study/configs/controllers/hbesc_gain_default.json,,,,,,1.3582175646432335,1.3582175646432335,252.34799999999998,2.0,1.3996863506234745,0.024600621382534483,20.26712763297129,0.2419026343264141,0.75,87.14532796035418,87.14532796035418,12.893448356260201,0.2984378643040336,exceeds_turtlebot3_burger_reference_limits,,yes
P5B-CURV-SHALLOW-GF,20260623T003845Z_phase5b_curv_shallow_gf_execute,quartic_curvature_and_shape,gaussian_fill,quartic_bowl,conservative,0,0,500,sim_time_reached,/home/mattb/dsim-lab/experiments/hbesc_gaussian_fill_study/results/runs/20260623T003845Z_phase5b_curv_shallow_gf_execute,~/dsim-lab/experiments/hbesc_gaussian_fill_study/configs/cost_functions/phase5b_quartic_center10_scale0001.json,~/dsim-lab/ros2_ws/src/ros_esc/ros_esc/controller_node/controller_config_files/turtlebot_vehicle/accelerated_methods/hbesc_gaussian_conservative_full_rotation.json,,,,,,6.91137826406821,6.535610895949192,,2.0,6.942584616799801,0.016215659471961973,15.038147131352831,0.05,0.25,20.183740510290367,20.183740510290367,24.83773325844099,0.4852399675466517,within_turtlebot3_burger_reference_limits,1,no
P5B-CURV-DEFAULT-HB,20260623T004153Z_phase5b_curv_default_hb_execute,quartic_curvature_and_shape,baseline_hbesc,quartic_bowl,real,0,0,500,sim_time_reached,/home/mattb/dsim-lab/experiments/hbesc_gaussian_fill_study/results/runs/20260623T004153Z_phase5b_curv_default_hb_execute,~/dsim-lab/experiments/hbesc_gaussian_fill_study/configs/cost_functions/phase5b_quartic_center10_scale0005.json,~/dsim-lab/experiments/hbesc_gaussian_fill_study/configs/controllers/hbesc_gain_default.json,,,,,,0.5798622185883737,0.5798622185883737,143.24200000000002,2.0,0.6028177056847146,0.013686646947270092,24.59992209678434,0.2419026343264141,0.75,87.14532796035418,87.14532796035418,16.34147479050388,4.920632452853655,exceeds_turtlebot3_burger_reference_limits,,yes
P5B-CURV-DEFAULT-GF,20260623T004456Z_phase5b_curv_default_gf_execute,quartic_curvature_and_shape,gaussian_fill,quartic_bowl,conservative,0,0,500,sim_time_reached,/home/mattb/dsim-lab/experiments/hbesc_gaussian_fill_study/results/runs/20260623T004456Z_phase5b_curv_default_gf_execute,~/dsim-lab/experiments/hbesc_gaussian_fill_study/configs/cost_functions/phase5b_quartic_center10_scale0005.json,~/dsim-lab/ros2_ws/src/ros_esc/ros_esc/controller_node/controller_config_files/turtlebot_vehicle/accelerated_methods/hbesc_gaussian_conservative_full_rotation.json,,,,,,5.695002129666209,3.362285216659655,,2.0,5.8083573812800084,0.05379752434113783,17.947806800440823,0.05,0.25,20.183740510290367,20.183740510290367,49.1077045834676,5.748131780447759,within_turtlebot3_burger_reference_limits,1,no
P5B-CURV-STEEP-HB,20260623T004804Z_phase5b_curv_steep_hb_execute,quartic_curvature_and_shape,baseline_hbesc,quartic_bowl,real,0,0,500,sim_time_reached,/home/mattb/dsim-lab/experiments/hbesc_gaussian_fill_study/results/runs/20260623T004804Z_phase5b_curv_steep_hb_execute,~/dsim-lab/experiments/hbesc_gaussian_fill_study/configs/cost_functions/phase5b_quartic_center10_scale0015.json,~/dsim-lab/experiments/hbesc_gaussian_fill_study/configs/controllers/hbesc_gain_default.json,,,,,,0.39483825915637766,0.39483825915637766,124.474,2.0,0.4165259157089601,0.013006145773628746,33.35508371123877,0.2419026343264141,0.75,87.14532796035418,87.14532796035418,21.307709025427677,11.968704399391475,exceeds_turtlebot3_burger_reference_limits,,yes
P5B-CURV-STEEP-GF,20260623T005107Z_phase5b_curv_steep_gf_execute,quartic_curvature_and_shape,gaussian_fill,quartic_bowl,conservative,0,0,500,sim_time_reached,/home/mattb/dsim-lab/experiments/hbesc_gaussian_fill_study/results/runs/20260623T005107Z_phase5b_curv_steep_gf_execute,~/dsim-lab/experiments/hbesc_gaussian_fill_study/configs/cost_functions/phase5b_quartic_center10_scale0015.json,~/dsim-lab/ros2_ws/src/ros_esc/ros_esc/controller_node/controller_config_files/turtlebot_vehicle/accelerated_methods/hbesc_gaussian_conservative_full_rotation.json,,,,,,4.328296946719613,2.0405649835270165,,2.0,4.5071191985046175,0.11355024347955232,18.90947712087972,0.05,0.25,20.183740510290367,20.183740510290367,55.30272685256509,15.988291480511476,within_turtlebot3_burger_reference_limits,1,no
P5B-CURV-ASYM-HB,20260623T005415Z_phase5b_curv_asym_hb_execute,quartic_curvature_and_shape,baseline_hbesc,quartic_bowl,real,0,0,500,sim_time_reached,/home/mattb/dsim-lab/experiments/hbesc_gaussian_fill_study/results/runs/20260623T005415Z_phase5b_curv_asym_hb_execute,~/dsim-lab/experiments/hbesc_gaussian_fill_study/configs/cost_functions/phase5b_quartic_asym_center10.json,~/dsim-lab/experiments/hbesc_gaussian_fill_study/configs/controllers/hbesc_gain_default.json,,,,,,0.7100263952930451,0.2009785843233738,59.908,2.0,0.7333852766933047,0.01388220274798527,19.535201721632546,0.2419026343264141,0.75,87.14532796035418,87.14532796035418,13.710707498675973,4.297641671080096,exceeds_turtlebot3_burger_reference_limits,,yes
P5B-CURV-ASYM-GF,20260623T005718Z_phase5b_curv_asym_gf_execute,quartic_curvature_and_shape,gaussian_fill,quartic_bowl,conservative,0,0,500,sim_time_reached,/home/mattb/dsim-lab/experiments/hbesc_gaussian_fill_study/results/runs/20260623T005718Z_phase5b_curv_asym_gf_execute,~/dsim-lab/experiments/hbesc_gaussian_fill_study/configs/cost_functions/phase5b_quartic_asym_center10.json,~/dsim-lab/ros2_ws/src/ros_esc/ros_esc/controller_node/controller_config_files/turtlebot_vehicle/accelerated_methods/hbesc_gaussian_conservative_full_rotation.json,,,,,,5.100922688489087,2.385884928902161,,2.0,5.006176563015289,0.06295016629762193,17.87921571990987,0.05,0.25,20.183740510290367,20.183740510290367,47.32950132049091,6.151934130806276,within_turtlebot3_burger_reference_limits,1,no
P5B-CURV-CROSS-HB,20260623T010026Z_phase5b_curv_cross_hb_execute,quartic_curvature_and_shape,baseline_hbesc,quartic_bowl,real,0,0,500,sim_time_reached,/home/mattb/dsim-lab/experiments/hbesc_gaussian_fill_study/results/runs/20260623T010026Z_phase5b_curv_cross_hb_execute,~/dsim-lab/experiments/hbesc_gaussian_fill_study/configs/cost_functions/phase5b_quartic_cross_center10.json,~/dsim-lab/experiments/hbesc_gaussian_fill_study/configs/controllers/hbesc_gain_default.json,,,,,,0.8899135043946891,0.8899135043946891,119.68,2.0,0.9059868920824482,0.009312421154975284,27.176895874554702,0.2419026343264141,0.75,87.14532796035418,87.14532796035418,17.509485600547368,7.125085525906575,exceeds_turtlebot3_burger_reference_limits,,yes
P5B-CURV-CROSS-GF,20260623T010329Z_phase5b_curv_cross_gf_execute,quartic_curvature_and_shape,gaussian_fill,quartic_bowl,conservative,0,0,500,sim_time_reached,/home/mattb/dsim-lab/experiments/hbesc_gaussian_fill_study/results/runs/20260623T010329Z_phase5b_curv_cross_gf_execute,~/dsim-lab/experiments/hbesc_gaussian_fill_study/configs/cost_functions/phase5b_quartic_cross_center10.json,~/dsim-lab/ros2_ws/src/ros_esc/ros_esc/controller_node/controller_config_files/turtlebot_vehicle/accelerated_methods/hbesc_gaussian_conservative_full_rotation.json,,,,,,7.440624912860136,5.4665009819060195,,2.0,7.576935657338014,0.0721450131579662,20.110950538838118,0.05,0.25,20.183740510290367,20.183740510290367,54.611859506674044,11.559635849172665,within_turtlebot3_burger_reference_limits,1,no
P5B-DW-A0P0025-VX005-HB,20260623T010637Z_phase5b_dw_a0p0025_vx005_hb_execute,double_well_alpha_speed,baseline_hbesc,quartic_double_well,vx005,1,1,700,sim_time_reached,/home/mattb/dsim-lab/experiments/hbesc_gaussian_fill_study/results/runs/20260623T010637Z_phase5b_dw_a0p0025_vx005_hb_execute,~/dsim-lab/experiments/hbesc_gaussian_fill_study/configs/cost_functions/phase5b_double_well_alpha0p0025.json,~/dsim-lab/experiments/hbesc_gaussian_fill_study/configs/controllers/phase5_speed_vx005.json,0.0025,0.0125,0.005,,,11.212347883310835,10.711495997509177,,2.0,11.285493188926225,0.0958670836563732,15.208309759891003,0.05,0.3416097821920099,18.945955599855502,21.465053357752755,9.166853554608656,0.0,within_turtlebot3_burger_reference_limits,,no
P5B-DW-A0P0025-VX010-HB,20260623T011048Z_phase5b_dw_a0p0025_vx010_hb_execute,double_well_alpha_speed,baseline_hbesc,quartic_double_well,vx010,1,1,700,sim_time_reached,/home/mattb/dsim-lab/experiments/hbesc_gaussian_fill_study/results/runs/20260623T011048Z_phase5b_dw_a0p0025_vx010_hb_execute,~/dsim-lab/experiments/hbesc_gaussian_fill_study/configs/cost_functions/phase5b_double_well_alpha0p0025.json,~/dsim-lab/experiments/hbesc_gaussian_fill_study/configs/controllers/phase5_speed_vx010.json,0.0025,0.0125,0.005,,,11.168057380540512,10.42569642362739,,2.0,11.281985654131123,0.09887361793186017,17.334336375339152,0.1,0.4276945839752882,34.49124368554696,35.74672184145839,5.021115286137066,0.0,within_turtlebot3_burger_reference_limits,,no
P5B-DW-A0P0025-VX015-HB,20260623T011458Z_phase5b_dw_a0p0025_vx015_hb_execute,double_well_alpha_speed,baseline_hbesc,quartic_double_well,vx015,1,1,700,sim_time_reached,/home/mattb/dsim-lab/experiments/hbesc_gaussian_fill_study/results/runs/20260623T011458Z_phase5b_dw_a0p0025_vx015_hb_execute,~/dsim-lab/experiments/hbesc_gaussian_fill_study/configs/cost_functions/phase5b_double_well_alpha0p0025.json,~/dsim-lab/experiments/hbesc_gaussian_fill_study/configs/controllers/phase5_speed_vx015.json,0.0025,0.0125,0.005,,,11.212573976161023,10.018168057557183,,2.0,11.284946089419897,0.0956965828992809,21.14740804093227,0.15,0.75,60.55122153087108,59.05998105015099,6.079125120617562,0.09871230354587904,within_turtlebot3_burger_reference_limits,,no
P5B-DW-A0P0025-VX020-HB,20260623T011908Z_phase5b_dw_a0p0025_vx020_hb_execute,double_well_alpha_speed,baseline_hbesc,quartic_double_well,vx020,1,1,700,sim_time_reached,/home/mattb/dsim-lab/experiments/hbesc_gaussian_fill_study/results/runs/20260623T011908Z_phase5b_dw_a0p0025_vx020_hb_execute,~/dsim-lab/experiments/hbesc_gaussian_fill_study/configs/cost_functions/phase5b_double_well_alpha0p0025.json,~/dsim-lab/experiments/hbesc_gaussian_fill_study/configs/controllers/phase5_speed_vx020.json,0.0025,0.0125,0.005,,,11.204869163630834,9.88063557737704,,2.0,11.283945850559808,0.09704018545151642,19.35069774661502,0.2,0.75,75.01985272104339,75.01985272104339,1.869822222715124,0.047688229879448596,exceeds_turtlebot3_burger_reference_limits,,no
P5B-DW-A0P0025-REAL-HB,20260623T012318Z_phase5b_dw_a0p0025_real_hb_execute,double_well_alpha_speed,baseline_hbesc,quartic_double_well,real,1,1,700,sim_time_reached,/home/mattb/dsim-lab/experiments/hbesc_gaussian_fill_study/results/runs/20260623T012318Z_phase5b_dw_a0p0025_real_hb_execute,~/dsim-lab/experiments/hbesc_gaussian_fill_study/configs/cost_functions/phase5b_double_well_alpha0p0025.json,~/dsim-lab/experiments/hbesc_gaussian_fill_study/configs/controllers/phase5_speed_real.json,0.0025,0.0125,0.005,,,11.312280179670562,10.376634485789717,,2.0,11.288353084738938,0.09465120882248072,17.375517061178453,0.2388100131899724,0.5135249185650168,67.380081954091,74.97208375418515,0.04319797966372035,0.0,exceeds_turtlebot3_burger_reference_limits,,no
P5B-DW-A0P0025-GF,20260623T012729Z_phase5b_dw_a0p0025_gf_execute,double_well_alpha_gaussian_fill,gaussian_fill,quartic_double_well,conservative,1,1,700,sim_time_reached,/home/mattb/dsim-lab/experiments/hbesc_gaussian_fill_study/results/runs/20260623T012729Z_phase5b_dw_a0p0025_gf_execute,~/dsim-lab/experiments/hbesc_gaussian_fill_study/configs/cost_functions/phase5b_double_well_alpha0p0025.json,~/dsim-lab/ros2_ws/src/ros_esc/ros_esc/controller_node/controller_config_files/turtlebot_vehicle/accelerated_methods/hbesc_gaussian_conservative_full_rotation.json,0.0025,0.0125,0.005,,,12.794008005106907,10.374915110897447,,2.0,12.762142669795736,0.018646731831900607,8.97654647299926,0.05,0.25,20.183740510290367,20.183740510290367,10.325126438059245,0.4901906296893236,within_turtlebot3_burger_reference_limits,1,no
P5B-DW-A0P005-VX005-HB,20260623T013143Z_phase5b_dw_a0p005_vx005_hb_execute,double_well_alpha_speed,baseline_hbesc,quartic_double_well,vx005,1,1,700,sim_time_reached,/home/mattb/dsim-lab/experiments/hbesc_gaussian_fill_study/results/runs/20260623T013143Z_phase5b_dw_a0p005_vx005_hb_execute,~/dsim-lab/experiments/hbesc_gaussian_fill_study/configs/cost_functions/phase5b_double_well_alpha0p005.json,~/dsim-lab/experiments/hbesc_gaussian_fill_study/configs/controllers/phase5_speed_vx005.json,0.005,0.0125,0.005,,,11.35784795835746,10.782078219630735,,2.0,11.308512271704096,0.04466299541055459,13.115146361322216,0.05,0.4618451294859636,21.76556629805766,22.442542611441873,13.635244066278549,0.0,within_turtlebot3_burger_reference_limits,,no
P5B-DW-A0P005-VX010-HB,20260623T013553Z_phase5b_dw_a0p005_vx010_hb_execute,double_well_alpha_speed,baseline_hbesc,quartic_double_well,vx010,1,1,700,sim_time_reached,/home/mattb/dsim-lab/experiments/hbesc_gaussian_fill_study/results/runs/20260623T013553Z_phase5b_dw_a0p005_vx010_hb_execute,~/dsim-lab/experiments/hbesc_gaussian_fill_study/configs/cost_functions/phase5b_double_well_alpha0p005.json,~/dsim-lab/experiments/hbesc_gaussian_fill_study/configs/controllers/phase5_speed_vx010.json,0.005,0.0125,0.005,,,11.328056470376579,10.401007415275327,,2.0,11.301465720511128,0.048137940092888874,15.637919937921195,0.1,0.75,46.08259034069878,46.08259034069878,9.47867298578199,0.20374717632989325,within_turtlebot3_burger_reference_limits,,no
P5B-DW-A0P005-VX015-HB,20260623T014004Z_phase5b_dw_a0p005_vx015_hb_execute,double_well_alpha_speed,baseline_hbesc,quartic_double_well,vx015,1,1,700,sim_time_reached,/home/mattb/dsim-lab/experiments/hbesc_gaussian_fill_study/results/runs/20260623T014004Z_phase5b_dw_a0p005_vx015_hb_execute,~/dsim-lab/experiments/hbesc_gaussian_fill_study/configs/cost_functions/phase5b_double_well_alpha0p005.json,~/dsim-lab/experiments/hbesc_gaussian_fill_study/configs/controllers/phase5_speed_vx015.json,0.005,0.0125,0.005,,,11.302598546808175,10.3543328739146,,2.0,11.29402097254076,0.04118531361651891,15.499122297413688,0.15,0.75,60.25953772129952,55.72610432737322,4.4243767313019395,0.18282548476454294,within_turtlebot3_burger_reference_limits,,no
P5B-DW-A0P005-VX020-HB,20260623T014414Z_phase5b_dw_a0p005_vx020_hb_execute,double_well_alpha_speed,baseline_hbesc,quartic_double_well,vx020,1,1,700,sim_time_reached,/home/mattb/dsim-lab/experiments/hbesc_gaussian_fill_study/results/runs/20260623T014414Z_phase5b_dw_a0p005_vx020_hb_execute,~/dsim-lab/experiments/hbesc_gaussian_fill_study/configs/cost_functions/phase5b_double_well_alpha0p005.json,~/dsim-lab/experiments/hbesc_gaussian_fill_study/configs/controllers/phase5_speed_vx020.json,0.005,0.0125,0.005,,,11.23755029769532,10.143743478289485,,2.0,11.29938005488234,0.05249877711034238,19.03590410048989,0.2,0.75,65.95117808862561,66.29540196939294,3.135006829836308,0.13323779026804308,within_turtlebot3_burger_reference_limits,,no
P5B-DW-A0P005-REAL-HB,20260623T014824Z_phase5b_dw_a0p005_real_hb_execute,double_well_alpha_speed,baseline_hbesc,quartic_double_well,real,1,1,700,sim_time_reached,/home/mattb/dsim-lab/experiments/hbesc_gaussian_fill_study/results/runs/20260623T014824Z_phase5b_dw_a0p005_real_hb_execute,~/dsim-lab/experiments/hbesc_gaussian_fill_study/configs/cost_functions/phase5b_double_well_alpha0p005.json,~/dsim-lab/experiments/hbesc_gaussian_fill_study/configs/controllers/phase5_speed_real.json,0.005,0.0125,0.005,,,11.375547132499769,10.106786678760026,,2.0,11.300110085635987,0.05051908998284567,20.328432947217898,0.2419026343264141,0.75,82.93698333081403,84.98420961102735,3.6847128809571377,0.1531597522807485,exceeds_turtlebot3_burger_reference_limits,,no
P5B-DW-A0P005-GF,20260623T015235Z_phase5b_dw_a0p005_gf_execute,double_well_alpha_gaussian_fill,gaussian_fill,quartic_double_well,conservative,1,1,700,sim_time_reached,/home/mattb/dsim-lab/experiments/hbesc_gaussian_fill_study/results/runs/20260623T015235Z_phase5b_dw_a0p005_gf_execute,~/dsim-lab/experiments/hbesc_gaussian_fill_study/configs/cost_functions/phase5b_double_well_alpha0p005.json,~/dsim-lab/ros2_ws/src/ros_esc/ros_esc/controller_node/controller_config_files/turtlebot_vehicle/accelerated_methods/hbesc_gaussian_conservative_full_rotation.json,0.005,0.0125,0.005,,,13.205221521106372,10.079483631160924,,2.0,13.191416497334208,0.005215070304084705,10.045042688653295,0.05,0.25,20.183740510290367,20.183740510290367,9.304409389588265,0.4314254740149118,within_turtlebot3_burger_reference_limits,1,no
P5B-DW-A0P01-VX005-HB,20260623T015649Z_phase5b_dw_a0p01_vx005_hb_execute,double_well_alpha_speed,baseline_hbesc,quartic_double_well,vx005,1,1,700,sim_time_reached,/home/mattb/dsim-lab/experiments/hbesc_gaussian_fill_study/results/runs/20260623T015649Z_phase5b_dw_a0p01_vx005_hb_execute,~/dsim-lab/experiments/hbesc_gaussian_fill_study/configs/cost_functions/phase5b_double_well_alpha0p01.json,~/dsim-lab/experiments/hbesc_gaussian_fill_study/configs/controllers/phase5_speed_vx005.json,0.01,0.0125,0.005,,,11.226188643460448,10.774667361634824,,2.0,11.304137568848775,0.05554238566179634,13.241471738367439,0.05,0.75,28.727571369442114,31.613959150526483,14.597471128154101,0.10397218464565608,within_turtlebot3_burger_reference_limits,,no
P5B-DW-A0P01-VX010-HB,20260623T020100Z_phase5b_dw_a0p01_vx010_hb_execute,double_well_alpha_speed,baseline_hbesc,quartic_double_well,vx010,1,1,700,sim_time_reached,/home/mattb/dsim-lab/experiments/hbesc_gaussian_fill_study/results/runs/20260623T020100Z_phase5b_dw_a0p01_vx010_hb_execute,~/dsim-lab/experiments/hbesc_gaussian_fill_study/configs/cost_functions/phase5b_double_well_alpha0p01.json,~/dsim-lab/experiments/hbesc_gaussian_fill_study/configs/controllers/phase5_speed_vx010.json,0.01,0.0125,0.005,,,11.32484269533038,10.487535193538392,,2.0,11.309055497858008,0.05494390603463431,18.534636236445166,0.1,0.75,46.08259034069878,46.08259034069878,8.1196675900277,1.5722991689750692,within_turtlebot3_burger_reference_limits,,no
P5B-DW-A0P01-VX015-HB,20260623T020510Z_phase5b_dw_a0p01_vx015_hb_execute,double_well_alpha_speed,baseline_hbesc,quartic_double_well,vx015,1,1,700,sim_time_reached,/home/mattb/dsim-lab/experiments/hbesc_gaussian_fill_study/results/runs/20260623T020510Z_phase5b_dw_a0p01_vx015_hb_execute,~/dsim-lab/experiments/hbesc_gaussian_fill_study/configs/cost_functions/phase5b_double_well_alpha0p01.json,~/dsim-lab/experiments/hbesc_gaussian_fill_study/configs/controllers/phase5_speed_vx015.json,0.01,0.0125,0.005,,,11.2844092673824,10.519199232722267,,2.0,11.300708140599397,0.035354591480209016,28.706938867039277,0.15,0.75,57.93957151428782,60.55122153087108,9.91965492965616,3.657432757098638,within_turtlebot3_burger_reference_limits,,no
P5B-DW-A0P01-VX020-HB,20260623T020920Z_phase5b_dw_a0p01_vx020_hb_execute,double_well_alpha_speed,baseline_hbesc,quartic_double_well,vx020,1,1,700,sim_time_reached,/home/mattb/dsim-lab/experiments/hbesc_gaussian_fill_study/results/runs/20260623T020920Z_phase5b_dw_a0p01_vx020_hb_execute,~/dsim-lab/experiments/hbesc_gaussian_fill_study/configs/cost_functions/phase5b_double_well_alpha0p01.json,~/dsim-lab/experiments/hbesc_gaussian_fill_study/configs/controllers/phase5_speed_vx020.json,0.01,0.0125,0.005,,,11.322559552638621,10.857862826652894,,2.0,11.308546211660996,0.045962180538728616,31.498012111575687,0.2,0.75,75.01985272104339,75.01985272104339,7.697896407573827,3.8293877003554426,exceeds_turtlebot3_burger_reference_limits,,no
P5B-DW-A0P01-REAL-HB,20260623T021331Z_phase5b_dw_a0p01_real_hb_execute,double_well_alpha_speed,baseline_hbesc,quartic_double_well,real,1,1,700,sim_time_reached,/home/mattb/dsim-lab/experiments/hbesc_gaussian_fill_study/results/runs/20260623T021331Z_phase5b_dw_a0p01_real_hb_execute,~/dsim-lab/experiments/hbesc_gaussian_fill_study/configs/cost_functions/phase5b_double_well_alpha0p01.json,~/dsim-lab/experiments/hbesc_gaussian_fill_study/configs/controllers/phase5_speed_real.json,0.01,0.0125,0.005,,,11.313673655378023,9.209343814330975,,2.0,11.304622142273889,0.03691500411897631,38.765158094357055,0.2419026343264141,0.75,87.14532796035418,87.14532796035418,5.771789753825682,6.983810157462853,exceeds_turtlebot3_burger_reference_limits,,no
P5B-DW-A0P01-GF,20260623T021741Z_phase5b_dw_a0p01_gf_execute,double_well_alpha_gaussian_fill,gaussian_fill,quartic_double_well,conservative,1,1,700,sim_time_reached,/home/mattb/dsim-lab/experiments/hbesc_gaussian_fill_study/results/runs/20260623T021741Z_phase5b_dw_a0p01_gf_execute,~/dsim-lab/experiments/hbesc_gaussian_fill_study/configs/cost_functions/phase5b_double_well_alpha0p01.json,~/dsim-lab/ros2_ws/src/ros_esc/ros_esc/controller_node/controller_config_files/turtlebot_vehicle/accelerated_methods/hbesc_gaussian_conservative_full_rotation.json,0.01,0.0125,0.005,,,13.3381781146154,10.975473247821718,,2.0,13.396724220903296,0.03264272913871063,8.920727042379056,0.05,0.25,20.183740510290367,20.183740510290367,12.574903261470427,0.4975124378109453,within_turtlebot3_burger_reference_limits,1,no
P5B-DW-A0P02-VX005-HB,20260623T022156Z_phase5b_dw_a0p02_vx005_hb_execute,double_well_alpha_speed,baseline_hbesc,quartic_double_well,vx005,1,1,700,sim_time_reached,/home/mattb/dsim-lab/experiments/hbesc_gaussian_fill_study/results/runs/20260623T022156Z_phase5b_dw_a0p02_vx005_hb_execute,~/dsim-lab/experiments/hbesc_gaussian_fill_study/configs/cost_functions/phase5b_double_well_alpha0p02.json,~/dsim-lab/experiments/hbesc_gaussian_fill_study/configs/controllers/phase5_speed_vx005.json,0.02,0.0125,0.005,,,11.26964407430569,10.791404635102133,,2.0,11.299574946365329,0.0978148010848252,26.70771404257942,0.05,0.75,31.613959150526483,31.613959150526483,48.70381868984787,9.895995032598572,within_turtlebot3_burger_reference_limits,,no
P5B-DW-A0P02-VX010-HB,20260623T022606Z_phase5b_dw_a0p02_vx010_hb_execute,double_well_alpha_speed,baseline_hbesc,quartic_double_well,vx010,1,1,700,sim_time_reached,/home/mattb/dsim-lab/experiments/hbesc_gaussian_fill_study/results/runs/20260623T022606Z_phase5b_dw_a0p02_vx010_hb_execute,~/dsim-lab/experiments/hbesc_gaussian_fill_study/configs/cost_functions/phase5b_double_well_alpha0p02.json,~/dsim-lab/experiments/hbesc_gaussian_fill_study/configs/controllers/phase5_speed_vx010.json,0.02,0.0125,0.005,,,11.191059444484752,10.451281003798698,,2.0,11.291909120891459,0.17398457413189705,54.36266848419546,0.1,0.75,46.08259034069878,46.08259034069878,54.72814025743453,23.16577896138482,within_turtlebot3_burger_reference_limits,,no
P5B-DW-A0P02-VX015-HB,20260623T023017Z_phase5b_dw_a0p02_vx015_hb_execute,double_well_alpha_speed,baseline_hbesc,quartic_double_well,vx015,1,1,700,sim_time_reached,/home/mattb/dsim-lab/experiments/hbesc_gaussian_fill_study/results/runs/20260623T023017Z_phase5b_dw_a0p02_vx015_hb_execute,~/dsim-lab/experiments/hbesc_gaussian_fill_study/configs/cost_functions/phase5b_double_well_alpha0p02.json,~/dsim-lab/experiments/hbesc_gaussian_fill_study/configs/controllers/phase5_speed_vx015.json,0.02,0.0125,0.005,,,11.642042417799116,10.793153505858287,,2.0,11.263139492653009,0.29065296607946167,70.99306820975131,0.15,0.75,60.55122153087108,60.55122153087108,39.43216966176291,25.990266399121982,within_turtlebot3_burger_reference_limits,,no
P5B-DW-A0P02-VX020-HB,20260623T023427Z_phase5b_dw_a0p02_vx020_hb_execute,double_well_alpha_speed,baseline_hbesc,quartic_double_well,vx020,1,1,700,sim_time_reached,/home/mattb/dsim-lab/experiments/hbesc_gaussian_fill_study/results/runs/20260623T023427Z_phase5b_dw_a0p02_vx020_hb_execute,~/dsim-lab/experiments/hbesc_gaussian_fill_study/configs/cost_functions/phase5b_double_well_alpha0p02.json,~/dsim-lab/experiments/hbesc_gaussian_fill_study/configs/controllers/phase5_speed_vx020.json,0.02,0.0125,0.005,,,11.247407413436628,10.506850489253752,,2.0,11.28840773672701,0.22504418816807126,96.4674693113796,0.2,0.75,75.01985272104339,75.01985272104339,38.62400993943159,28.55367958644865,exceeds_turtlebot3_burger_reference_limits,,no
P5B-DW-A0P02-REAL-HB,20260623T023837Z_phase5b_dw_a0p02_real_hb_execute,double_well_alpha_speed,baseline_hbesc,quartic_double_well,real,1,1,700,sim_time_reached,/home/mattb/dsim-lab/experiments/hbesc_gaussian_fill_study/results/runs/20260623T023837Z_phase5b_dw_a0p02_real_hb_execute,~/dsim-lab/experiments/hbesc_gaussian_fill_study/configs/cost_functions/phase5b_double_well_alpha0p02.json,~/dsim-lab/experiments/hbesc_gaussian_fill_study/configs/controllers/phase5_speed_real.json,0.02,0.0125,0.005,,,11.926960020954919,10.427745142432615,,2.0,11.293068031971137,0.40645877401748465,126.21632958046597,0.2419026343264141,0.75,87.14532796035418,87.14532796035418,49.64187511087458,34.861185027496894,exceeds_turtlebot3_burger_reference_limits,,no
P5B-DW-A0P02-GF,20260623T024247Z_phase5b_dw_a0p02_gf_execute,double_well_alpha_gaussian_fill,gaussian_fill,quartic_double_well,conservative,1,1,700,sim_time_reached,/home/mattb/dsim-lab/experiments/hbesc_gaussian_fill_study/results/runs/20260623T024247Z_phase5b_dw_a0p02_gf_execute,~/dsim-lab/experiments/hbesc_gaussian_fill_study/configs/cost_functions/phase5b_double_well_alpha0p02.json,~/dsim-lab/ros2_ws/src/ros_esc/ros_esc/controller_node/controller_config_files/turtlebot_vehicle/accelerated_methods/hbesc_gaussian_conservative_full_rotation.json,0.02,0.0125,0.005,,,13.462431133287678,11.193272592950711,,2.0,13.455835434034869,0.002560819686719398,8.825025223159704,0.05,0.25,20.183740510290367,20.183740510290367,13.641862271794016,0.8789745297153321,within_turtlebot3_burger_reference_limits,1,no
P5B-DW-A0P04-VX005-HB,20260623T024702Z_phase5b_dw_a0p04_vx005_hb_execute,double_well_alpha_speed,baseline_hbesc,quartic_double_well,vx005,1,1,700,sim_time_reached,/home/mattb/dsim-lab/experiments/hbesc_gaussian_fill_study/results/runs/20260623T024702Z_phase5b_dw_a0p04_vx005_hb_execute,~/dsim-lab/experiments/hbesc_gaussian_fill_study/configs/cost_functions/phase5b_double_well_alpha0p04.json,~/dsim-lab/experiments/hbesc_gaussian_fill_study/configs/controllers/phase5_speed_vx005.json,0.04,0.0125,0.005,,,11.41274845908966,10.895720800122216,,2.0,11.304787707161335,0.14326777003841842,33.619263356299605,0.05,0.75,31.613959150526483,31.613959150526483,84.26659564551568,24.140533102514592,within_turtlebot3_burger_reference_limits,,no
P5B-DW-A0P04-VX010-HB,20260623T025112Z_phase5b_dw_a0p04_vx010_hb_execute,double_well_alpha_speed,baseline_hbesc,quartic_double_well,vx010,1,1,700,sim_time_reached,/home/mattb/dsim-lab/experiments/hbesc_gaussian_fill_study/results/runs/20260623T025112Z_phase5b_dw_a0p04_vx010_hb_execute,~/dsim-lab/experiments/hbesc_gaussian_fill_study/configs/cost_functions/phase5b_double_well_alpha0p04.json,~/dsim-lab/experiments/hbesc_gaussian_fill_study/configs/controllers/phase5_speed_vx010.json,0.04,0.0125,0.005,,,11.70370654548285,10.619241105538398,,2.0,11.32807978745182,0.24466328892678835,64.63905407225182,0.1,0.75,46.08259034069878,46.08259034069878,81.4701157702321,29.530825901512216,within_turtlebot3_burger_reference_limits,,no
P5B-DW-A0P04-VX015-HB,20260623T025523Z_phase5b_dw_a0p04_vx015_hb_execute,double_well_alpha_speed,baseline_hbesc,quartic_double_well,vx015,1,1,700,sim_time_reached,/home/mattb/dsim-lab/experiments/hbesc_gaussian_fill_study/results/runs/20260623T025523Z_phase5b_dw_a0p04_vx015_hb_execute,~/dsim-lab/experiments/hbesc_gaussian_fill_study/configs/cost_functions/phase5b_double_well_alpha0p04.json,~/dsim-lab/experiments/hbesc_gaussian_fill_study/configs/controllers/phase5_speed_vx015.json,0.04,0.0125,0.005,,,10.853149205198784,10.496564611481595,,2.0,11.327094246576221,0.3362007022870788,94.48092823539636,0.15,0.75,60.55122153087108,60.55122153087108,79.18908940378829,35.444893209966324,within_turtlebot3_burger_reference_limits,,no
P5B-DW-A0P04-VX020-HB,20260623T025933Z_phase5b_dw_a0p04_vx020_hb_execute,double_well_alpha_speed,baseline_hbesc,quartic_double_well,vx020,1,1,700,sim_time_reached,/home/mattb/dsim-lab/experiments/hbesc_gaussian_fill_study/results/runs/20260623T025933Z_phase5b_dw_a0p04_vx020_hb_execute,~/dsim-lab/experiments/hbesc_gaussian_fill_study/configs/cost_functions/phase5b_double_well_alpha0p04.json,~/dsim-lab/experiments/hbesc_gaussian_fill_study/configs/controllers/phase5_speed_vx020.json,0.04,0.0125,0.005,,,11.726990245252155,10.507583890552649,,2.0,11.291969127448866,0.38517846876945977,124.14472769412637,0.2,0.75,75.01985272104339,75.01985272104339,76.73251803073063,38.98781525780585,exceeds_turtlebot3_burger_reference_limits,,no
P5B-DW-A0P04-REAL-HB,20260623T030343Z_phase5b_dw_a0p04_real_hb_execute,double_well_alpha_speed,baseline_hbesc,quartic_double_well,real,1,1,700,sim_time_reached,/home/mattb/dsim-lab/experiments/hbesc_gaussian_fill_study/results/runs/20260623T030343Z_phase5b_dw_a0p04_real_hb_execute,~/dsim-lab/experiments/hbesc_gaussian_fill_study/configs/cost_functions/phase5b_double_well_alpha0p04.json,~/dsim-lab/experiments/hbesc_gaussian_fill_study/configs/controllers/phase5_speed_real.json,0.04,0.0125,0.005,,,11.935986387781373,10.229377009389824,,2.0,11.359162574554778,0.3726014458195884,149.56823822267745,0.2419026343264141,0.75,87.14532796035418,87.14532796035418,75.56110279025906,45.5949409219504,exceeds_turtlebot3_burger_reference_limits,,no
P5B-DW-A0P04-GF,20260623T030754Z_phase5b_dw_a0p04_gf_execute,double_well_alpha_gaussian_fill,gaussian_fill,quartic_double_well,conservative,1,1,700,sim_time_reached,/home/mattb/dsim-lab/experiments/hbesc_gaussian_fill_study/results/runs/20260623T030754Z_phase5b_dw_a0p04_gf_execute,~/dsim-lab/experiments/hbesc_gaussian_fill_study/configs/cost_functions/phase5b_double_well_alpha0p04.json,~/dsim-lab/ros2_ws/src/ros_esc/ros_esc/controller_node/controller_config_files/turtlebot_vehicle/accelerated_methods/hbesc_gaussian_conservative_full_rotation.json,0.04,0.0125,0.005,,,12.954525606625728,11.139552614681909,,2.0,12.920401216736835,0.027654068591355142,10.277235384468266,0.05,0.25,20.183740510290367,20.183740510290367,15.761605576893192,1.817152498723442,within_turtlebot3_burger_reference_limits,1,no
P5B-DW-BETA0P00625-HB,20260623T031209Z_phase5b_dw_beta0p00625_hb_execute,double_well_beta,baseline_hbesc,quartic_double_well,real,1,1,700,sim_time_reached,/home/mattb/dsim-lab/experiments/hbesc_gaussian_fill_study/results/runs/20260623T031209Z_phase5b_dw_beta0p00625_hb_execute,~/dsim-lab/experiments/hbesc_gaussian_fill_study/configs/cost_functions/phase5b_double_well_beta0p00625.json,~/dsim-lab/experiments/hbesc_gaussian_fill_study/configs/controllers/hbesc_gain_default.json,0.01,0.00625,0.005,,,11.301657066418361,10.979121361768884,,2.0,11.303440464862083,0.02457110942956952,35.59055387012516,0.2419026343264141,0.75,87.14532796035418,87.14532796035418,9.06379581790363,4.499190633523295,exceeds_turtlebot3_burger_reference_limits,,no
P5B-DW-BETA0P00625-GF,20260623T031619Z_phase5b_dw_beta0p00625_gf_execute,double_well_beta,gaussian_fill,quartic_double_well,conservative,1,1,700,sim_time_reached,/home/mattb/dsim-lab/experiments/hbesc_gaussian_fill_study/results/runs/20260623T031619Z_phase5b_dw_beta0p00625_gf_execute,~/dsim-lab/experiments/hbesc_gaussian_fill_study/configs/cost_functions/phase5b_double_well_beta0p00625.json,~/dsim-lab/ros2_ws/src/ros_esc/ros_esc/controller_node/controller_config_files/turtlebot_vehicle/accelerated_methods/hbesc_gaussian_conservative_full_rotation.json,0.01,0.00625,0.005,,,13.965841436192964,10.699561141619949,,2.0,13.967835347347664,0.0010516914508462351,9.901538611473896,0.05,0.25,20.183740510290367,20.183740510290367,15.19838823322177,0.514135987317245,within_turtlebot3_burger_reference_limits,1,no
P5B-DW-BETA0P025-HB,20260623T032034Z_phase5b_dw_beta0p025_hb_execute,double_well_beta,baseline_hbesc,quartic_double_well,real,1,1,700,sim_time_reached,/home/mattb/dsim-lab/experiments/hbesc_gaussian_fill_study/results/runs/20260623T032034Z_phase5b_dw_beta0p025_hb_execute,~/dsim-lab/experiments/hbesc_gaussian_fill_study/configs/cost_functions/phase5b_double_well_beta0p025.json,~/dsim-lab/experiments/hbesc_gaussian_fill_study/configs/controllers/hbesc_gain_default.json,0.01,0.025,0.005,,,11.390867336960977,9.775718361090863,,2.0,11.3032859279432,0.05115148994634562,35.717846465563795,0.2419026343264141,0.75,87.14532796035418,87.14532796035418,6.703291834655088,3.852288334588631,exceeds_turtlebot3_burger_reference_limits,,no
P5B-DW-BETA0P025-GF,20260623T032444Z_phase5b_dw_beta0p025_gf_execute,double_well_beta,gaussian_fill,quartic_double_well,conservative,1,1,700,sim_time_reached,/home/mattb/dsim-lab/experiments/hbesc_gaussian_fill_study/results/runs/20260623T032444Z_phase5b_dw_beta0p025_gf_execute,~/dsim-lab/experiments/hbesc_gaussian_fill_study/configs/cost_functions/phase5b_double_well_beta0p025.json,~/dsim-lab/ros2_ws/src/ros_esc/ros_esc/controller_node/controller_config_files/turtlebot_vehicle/accelerated_methods/hbesc_gaussian_conservative_full_rotation.json,0.01,0.025,0.005,,,12.937450900977634,10.468601744788655,,2.0,12.891953397638153,0.051167060805282036,8.963102361856668,0.05,0.25,20.183740510290367,20.183740510290367,7.75943448003337,0.4160172114772453,within_turtlebot3_burger_reference_limits,1,no
P5B-DW-GAMMA0P0025-HB,20260623T032859Z_phase5b_dw_gamma0p0025_hb_execute,double_well_gamma,baseline_hbesc,quartic_double_well,real,1,1,700,sim_time_reached,/home/mattb/dsim-lab/experiments/hbesc_gaussian_fill_study/results/runs/20260623T032859Z_phase5b_dw_gamma0p0025_hb_execute,~/dsim-lab/experiments/hbesc_gaussian_fill_study/configs/cost_functions/phase5b_double_well_gamma0p0025.json,~/dsim-lab/experiments/hbesc_gaussian_fill_study/configs/controllers/hbesc_gain_default.json,0.01,0.0125,0.0025,,,11.280667002082605,9.465677449388288,,2.0,11.305180083261918,0.04817628132623974,24.014843509906463,0.2419026343264141,0.75,87.14532796035418,87.14532796035418,4.928211098176174,1.8593048395143856,exceeds_turtlebot3_burger_reference_limits,,no
P5B-DW-GAMMA0P0025-GF,20260623T033310Z_phase5b_dw_gamma0p0025_gf_execute,double_well_gamma,gaussian_fill,quartic_double_well,conservative,1,1,700,sim_time_reached,/home/mattb/dsim-lab/experiments/hbesc_gaussian_fill_study/results/runs/20260623T033310Z_phase5b_dw_gamma0p0025_gf_execute,~/dsim-lab/experiments/hbesc_gaussian_fill_study/configs/cost_functions/phase5b_double_well_gamma0p0025.json,~/dsim-lab/ros2_ws/src/ros_esc/ros_esc/controller_node/controller_config_files/turtlebot_vehicle/accelerated_methods/hbesc_gaussian_conservative_full_rotation.json,0.01,0.0125,0.0025,,,13.38164077276046,10.635034172692663,,2.0,13.408225406919154,0.011260140956295359,8.984642472989444,0.05,0.25,20.183740510290367,20.183740510290367,12.191846203367632,0.44287569511504776,within_turtlebot3_burger_reference_limits,1,no
P5B-DW-GAMMA0P01-HB,20260623T033724Z_phase5b_dw_gamma0p01_hb_execute,double_well_gamma,baseline_hbesc,quartic_double_well,real,1,1,700,sim_time_reached,/home/mattb/dsim-lab/experiments/hbesc_gaussian_fill_study/results/runs/20260623T033724Z_phase5b_dw_gamma0p01_hb_execute,~/dsim-lab/experiments/hbesc_gaussian_fill_study/configs/cost_functions/phase5b_double_well_gamma0p01.json,~/dsim-lab/experiments/hbesc_gaussian_fill_study/configs/controllers/hbesc_gain_default.json,0.01,0.0125,0.01,,,11.264266080813988,10.526970224676809,,2.0,11.300157389906868,0.03602663598414982,31.17955568117864,0.2419026343264141,0.75,83.5686664735421,87.14532796035418,3.503216783216783,4.606433566433567,exceeds_turtlebot3_burger_reference_limits,,no
P5B-DW-GAMMA0P01-GF,20260623T034135Z_phase5b_dw_gamma0p01_gf_execute,double_well_gamma,gaussian_fill,quartic_double_well,conservative,1,1,700,sim_time_reached,/home/mattb/dsim-lab/experiments/hbesc_gaussian_fill_study/results/runs/20260623T034135Z_phase5b_dw_gamma0p01_gf_execute,~/dsim-lab/experiments/hbesc_gaussian_fill_study/configs/cost_functions/phase5b_double_well_gamma0p01.json,~/dsim-lab/ros2_ws/src/ros_esc/ros_esc/controller_node/controller_config_files/turtlebot_vehicle/accelerated_methods/hbesc_gaussian_conservative_full_rotation.json,0.01,0.0125,0.01,,,13.352727575553237,10.68722397494882,,2.0,13.411208310653993,0.029220380580682437,9.108162405360547,0.05,0.25,20.183740510290367,20.183740510290367,13.165675595467086,0.8166719792479583,within_turtlebot3_burger_reference_limits,1,no
P5B-START-S00-HB,20260623T034550Z_phase5b_start_s00_hb_execute,starting_position_grid,baseline_hbesc,quartic_double_well,real,0,0,700,sim_time_reached,/home/mattb/dsim-lab/experiments/hbesc_gaussian_fill_study/results/runs/20260623T034550Z_phase5b_start_s00_hb_execute,~/dsim-lab/experiments/hbesc_gaussian_fill_study/configs/cost_functions/phase5b_double_well_alpha0p01.json,~/dsim-lab/experiments/hbesc_gaussian_fill_study/configs/controllers/hbesc_gain_default.json,0.01,0.0125,0.005,,,11.351907598844782,7.981588848503276,,2.0,11.303385695152215,0.04853205817920177,40.23262747330319,0.2419026343264141,0.75,87.14532796035418,87.14532796035418,9.933187816471474,7.187572712264412,exceeds_turtlebot3_burger_reference_limits,,no
P5B-START-S00-GF,20260623T035000Z_phase5b_start_s00_gf_execute,starting_position_grid,gaussian_fill,quartic_double_well,conservative,0,0,700,sim_time_reached,/home/mattb/dsim-lab/experiments/hbesc_gaussian_fill_study/results/runs/20260623T035000Z_phase5b_start_s00_gf_execute,~/dsim-lab/experiments/hbesc_gaussian_fill_study/configs/cost_functions/phase5b_double_well_alpha0p01.json,~/dsim-lab/ros2_ws/src/ros_esc/ros_esc/controller_node/controller_config_files/turtlebot_vehicle/accelerated_methods/hbesc_gaussian_conservative_full_rotation.json,0.01,0.0125,0.005,,,13.544399450898862,10.605573839393603,,2.0,13.602296451725106,0.03710723560822543,11.028716407239989,0.05,0.25,20.183740510290367,20.183740510290367,15.969164205000933,2.412615442056598,within_turtlebot3_burger_reference_limits,1,no
P5B-START-S11-HB,20260623T035415Z_phase5b_start_s11_hb_execute,starting_position_grid,baseline_hbesc,quartic_double_well,real,1,1,700,sim_time_reached,/home/mattb/dsim-lab/experiments/hbesc_gaussian_fill_study/results/runs/20260623T035415Z_phase5b_start_s11_hb_execute,~/dsim-lab/experiments/hbesc_gaussian_fill_study/configs/cost_functions/phase5b_double_well_alpha0p01.json,~/dsim-lab/experiments/hbesc_gaussian_fill_study/configs/controllers/hbesc_gain_default.json,0.01,0.0125,0.005,,,11.310993299424839,10.188604492504625,,2.0,11.302010109006611,0.039051746092642003,24.8616319294825,0.2419026343264141,0.75,87.14532796035418,86.5019414422073,3.532150776053215,3.19179600886918,exceeds_turtlebot3_burger_reference_limits,,no
P5B-START-S11-GF,20260623T035825Z_phase5b_start_s11_gf_execute,starting_position_grid,gaussian_fill,quartic_double_well,conservative,1,1,700,sim_time_reached,/home/mattb/dsim-lab/experiments/hbesc_gaussian_fill_study/results/runs/20260623T035825Z_phase5b_start_s11_gf_execute,~/dsim-lab/experiments/hbesc_gaussian_fill_study/configs/cost_functions/phase5b_double_well_alpha0p01.json,~/dsim-lab/ros2_ws/src/ros_esc/ros_esc/controller_node/controller_config_files/turtlebot_vehicle/accelerated_methods/hbesc_gaussian_conservative_full_rotation.json,0.01,0.0125,0.005,,,13.29702319468053,11.058235463951965,,2.0,13.355046482695371,0.030884628256366498,8.713496485711,0.05,0.25,20.183740510290367,20.183740510290367,12.51773678609436,0.48887016672578926,within_turtlebot3_burger_reference_limits,1,no
P5B-START-S31-HB,20260623T040240Z_phase5b_start_s31_hb_execute,starting_position_grid,baseline_hbesc,quartic_double_well,real,3,1,700,sim_time_reached,/home/mattb/dsim-lab/experiments/hbesc_gaussian_fill_study/results/runs/20260623T040240Z_phase5b_start_s31_hb_execute,~/dsim-lab/experiments/hbesc_gaussian_fill_study/configs/cost_functions/phase5b_double_well_alpha0p01.json,~/dsim-lab/experiments/hbesc_gaussian_fill_study/configs/controllers/hbesc_gain_default.json,0.01,0.0125,0.005,,,11.252211658491895,11.129716824019404,,2.0,11.310127539622385,0.03382233808615943,12.640619330075141,0.14712899349808825,0.525619235749597,41.70953568964962,44.23612157154708,0.0,0.0,within_turtlebot3_burger_reference_limits,,no
P5B-START-S31-GF,20260623T040650Z_phase5b_start_s31_gf_execute,starting_position_grid,gaussian_fill,quartic_double_well,conservative,3,1,700,sim_time_reached,/home/mattb/dsim-lab/experiments/hbesc_gaussian_fill_study/results/runs/20260623T040650Z_phase5b_start_s31_gf_execute,~/dsim-lab/experiments/hbesc_gaussian_fill_study/configs/cost_functions/phase5b_double_well_alpha0p01.json,~/dsim-lab/ros2_ws/src/ros_esc/ros_esc/controller_node/controller_config_files/turtlebot_vehicle/accelerated_methods/hbesc_gaussian_conservative_full_rotation.json,0.01,0.0125,0.005,,,12.680537001258275,10.275462263554028,,2.0,12.578579366386734,0.06120380606830442,8.796754418311211,0.05,0.25,20.183740510290367,20.183740510290367,13.694550968606812,0.45930532816157,within_turtlebot3_burger_reference_limits,1,no
P5B-START-S55-HB,20260623T041106Z_phase5b_start_s55_hb_execute,starting_position_grid,baseline_hbesc,quartic_double_well,real,5,5,700,sim_time_reached,/home/mattb/dsim-lab/experiments/hbesc_gaussian_fill_study/results/runs/20260623T041106Z_phase5b_start_s55_hb_execute,~/dsim-lab/experiments/hbesc_gaussian_fill_study/configs/cost_functions/phase5b_double_well_alpha0p01.json,~/dsim-lab/experiments/hbesc_gaussian_fill_study/configs/controllers/hbesc_gain_default.json,0.01,0.0125,0.005,,,11.291355840666967,7.337432295129128,,2.0,11.306311826572331,0.04217188647761056,29.906378130235545,0.2419026343264141,0.75,87.14532796035418,87.14532796035418,7.839831401475237,3.763518385003605,exceeds_turtlebot3_burger_reference_limits,,no
P5B-START-S55-GF,20260623T041516Z_phase5b_start_s55_gf_execute,starting_position_grid,gaussian_fill,quartic_double_well,conservative,5,5,700,sim_time_reached,/home/mattb/dsim-lab/experiments/hbesc_gaussian_fill_study/results/runs/20260623T041516Z_phase5b_start_s55_gf_execute,~/dsim-lab/experiments/hbesc_gaussian_fill_study/configs/cost_functions/phase5b_double_well_alpha0p01.json,~/dsim-lab/ros2_ws/src/ros_esc/ros_esc/controller_node/controller_config_files/turtlebot_vehicle/accelerated_methods/hbesc_gaussian_conservative_full_rotation.json,0.01,0.0125,0.005,,,12.624079747238094,7.115944988847081,,2.0,12.624466671004372,0.00014196894880258695,13.027852740365073,0.05,0.25,20.183740510290367,20.183740510290367,20.381575901861588,0.7252366938905973,within_turtlebot3_burger_reference_limits,1,no
P5B-START-S81-HB,20260623T041931Z_phase5b_start_s81_hb_execute,starting_position_grid,baseline_hbesc,quartic_double_well,real,8,1,700,sim_time_reached,/home/mattb/dsim-lab/experiments/hbesc_gaussian_fill_study/results/runs/20260623T041931Z_phase5b_start_s81_hb_execute,~/dsim-lab/experiments/hbesc_gaussian_fill_study/configs/cost_functions/phase5b_double_well_alpha0p01.json,~/dsim-lab/experiments/hbesc_gaussian_fill_study/configs/controllers/hbesc_gain_default.json,0.01,0.0125,0.005,,,11.32295872132031,9.220031229956346,,2.0,11.307685179820039,0.046574129765275904,36.36355236470015,0.2419026343264141,0.75,87.14532796035418,87.14532796035418,8.276687994145108,3.319989798294541,exceeds_turtlebot3_burger_reference_limits,,no
P5B-START-S81-GF,20260623T042341Z_phase5b_start_s81_gf_execute,starting_position_grid,gaussian_fill,quartic_double_well,conservative,8,1,700,sim_time_reached,/home/mattb/dsim-lab/experiments/hbesc_gaussian_fill_study/results/runs/20260623T042341Z_phase5b_start_s81_gf_execute,~/dsim-lab/experiments/hbesc_gaussian_fill_study/configs/cost_functions/phase5b_double_well_alpha0p01.json,~/dsim-lab/ros2_ws/src/ros_esc/ros_esc/controller_node/controller_config_files/turtlebot_vehicle/accelerated_methods/hbesc_gaussian_conservative_full_rotation.json,0.01,0.0125,0.005,,,12.479072878410548,9.124298052518785,,2.0,12.476661086121341,0.0011585245598089563,12.72881974978081,0.05,0.25,20.183740510290367,20.183740510290367,22.14064914992272,1.18458820931773,within_turtlebot3_burger_reference_limits,1,no
P5B-NOISE-SEED101-HB,20260623T042756Z_phase5b_noise_seed101_hb_execute,noise_seed,baseline_hbesc,quartic_double_well,real,1,1,700,sim_time_reached,/home/mattb/dsim-lab/experiments/hbesc_gaussian_fill_study/results/runs/20260623T042756Z_phase5b_noise_seed101_hb_execute,~/dsim-lab/experiments/hbesc_gaussian_fill_study/configs/cost_functions/phase5b_double_well_alpha0p01_noise_seed101.json,~/dsim-lab/experiments/hbesc_gaussian_fill_study/configs/controllers/hbesc_gain_default.json,,,,0.01,101,11.619164830306527,10.455854597853426,,2.0,11.29662203064629,0.19144613763271842,49.64772061681636,0.2419026343264141,0.75,87.14532796035418,87.14532796035418,4.102473027571815,9.538027793810771,exceeds_turtlebot3_burger_reference_limits,,no
P5B-NOISE-SEED101-GF,20260623T043206Z_phase5b_noise_seed101_gf_execute,noise_seed,gaussian_fill,quartic_double_well,conservative,1,1,700,sim_time_reached,/home/mattb/dsim-lab/experiments/hbesc_gaussian_fill_study/results/runs/20260623T043206Z_phase5b_noise_seed101_gf_execute,~/dsim-lab/experiments/hbesc_gaussian_fill_study/configs/cost_functions/phase5b_double_well_alpha0p01_noise_seed101.json,~/dsim-lab/ros2_ws/src/ros_esc/ros_esc/controller_node/controller_config_files/turtlebot_vehicle/accelerated_methods/hbesc_gaussian_conservative_full_rotation.json,,,,0.01,101,13.461209986813,10.95033266165995,,2.0,13.46001547744084,0.00550913811900557,9.103791833806564,0.05,0.25,20.183740510290367,20.183740510290367,13.288305631029514,0.5236120430769908,within_turtlebot3_burger_reference_limits,1,no
P5B-NOISE-SEED202-HB,20260623T043620Z_phase5b_noise_seed202_hb_execute,noise_seed,baseline_hbesc,quartic_double_well,real,1,1,700,sim_time_reached,/home/mattb/dsim-lab/experiments/hbesc_gaussian_fill_study/results/runs/20260623T043620Z_phase5b_noise_seed202_hb_execute,~/dsim-lab/experiments/hbesc_gaussian_fill_study/configs/cost_functions/phase5b_double_well_alpha0p01_noise_seed202.json,~/dsim-lab/experiments/hbesc_gaussian_fill_study/configs/controllers/hbesc_gain_default.json,,,,0.01,202,11.29932158681301,10.004454265009368,,2.0,11.283856318482448,0.19019182299441553,46.60542596861076,0.2419026343264141,0.75,87.14532796035418,87.14532796035418,3.6950758206041248,8.780103608550478,exceeds_turtlebot3_burger_reference_limits,,no
P5B-NOISE-SEED202-GF,20260623T044031Z_phase5b_noise_seed202_gf_execute,noise_seed,gaussian_fill,quartic_double_well,conservative,1,1,700,sim_time_reached,/home/mattb/dsim-lab/experiments/hbesc_gaussian_fill_study/results/runs/20260623T044031Z_phase5b_noise_seed202_gf_execute,~/dsim-lab/experiments/hbesc_gaussian_fill_study/configs/cost_functions/phase5b_double_well_alpha0p01_noise_seed202.json,~/dsim-lab/ros2_ws/src/ros_esc/ros_esc/controller_node/controller_config_files/turtlebot_vehicle/accelerated_methods/hbesc_gaussian_conservative_full_rotation.json,,,,0.01,202,13.338323411716644,10.329156119275924,,2.0,13.388115024145463,0.023514493853122032,9.568977312125226,0.05,0.25,20.183740510290367,20.183740510290367,11.883514948619316,0.42678668425545124,within_turtlebot3_burger_reference_limits,1,no
P5B-NOISE-SEED303-HB,20260623T044445Z_phase5b_noise_seed303_hb_execute,noise_seed,baseline_hbesc,quartic_double_well,real,1,1,700,sim_time_reached,/home/mattb/dsim-lab/experiments/hbesc_gaussian_fill_study/results/runs/20260623T044445Z_phase5b_noise_seed303_hb_execute,~/dsim-lab/experiments/hbesc_gaussian_fill_study/configs/cost_functions/phase5b_double_well_alpha0p01_noise_seed303.json,~/dsim-lab/experiments/hbesc_gaussian_fill_study/configs/controllers/hbesc_gain_default.json,,,,0.01,303,11.075167868511349,9.812428809180675,,2.0,11.299687641059988,0.18622775007757028,42.22533411925091,0.2419026343264141,0.75,87.14532796035418,87.14532796035418,4.105263157894737,6.975069252077562,exceeds_turtlebot3_burger_reference_limits,,no
P5B-NOISE-SEED303-GF,20260623T044856Z_phase5b_noise_seed303_gf_execute,noise_seed,gaussian_fill,quartic_double_well,conservative,1,1,700,sim_time_reached,/home/mattb/dsim-lab/experiments/hbesc_gaussian_fill_study/results/runs/20260623T044856Z_phase5b_noise_seed303_gf_execute,~/dsim-lab/experiments/hbesc_gaussian_fill_study/configs/cost_functions/phase5b_double_well_alpha0p01_noise_seed303.json,~/dsim-lab/ros2_ws/src/ros_esc/ros_esc/controller_node/controller_config_files/turtlebot_vehicle/accelerated_methods/hbesc_gaussian_conservative_full_rotation.json,,,,0.01,303,13.374920448412189,11.063888113304582,,2.0,13.322139571395047,0.019120983776130564,9.283809039238008,0.05,0.25,20.183740510290367,20.183740510290367,12.461912461912462,0.3883003883003883,within_turtlebot3_burger_reference_limits,1,no
