scenario_config,scenario_id,axis,method,cost_family,speed_label,start_x,start_y,stop_rule_sec,status
experiments/hbesc_gaussian_fill_study/configs/scenarios/phase5b_pilot_g1_globalw40_start1_slow.json,P5B-PILOT-01-G1_GLOBALW40_START1_SLOW,pilot_replication,baseline_hbesc,gaussian_two_basin_globalW40,slow,1,1,700,planned
experiments/hbesc_gaussian_fill_study/configs/scenarios/phase5b_pilot_g2_globalw40_start1_real.json,P5B-PILOT-02-G2_GLOBALW40_START1_REAL,pilot_replication,baseline_hbesc,gaussian_two_basin_globalW40,real,1,1,700,planned
experiments/hbesc_gaussian_fill_study/configs/scenarios/phase5b_pilot_g3_globalw40_start1_fast.json,P5B-PILOT-03-G3_GLOBALW40_START1_FAST,pilot_replication,baseline_hbesc,gaussian_two_basin_globalW40,fast_sim_only,1,1,700,planned
experiments/hbesc_gaussian_fill_study/configs/scenarios/phase5b_pilot_h1_original_start0_slow.json,P5B-PILOT-04-H1_ORIGINAL_START0_SLOW,pilot_replication,baseline_hbesc,gaussian_two_basin_original,slow,0,0,700,planned
experiments/hbesc_gaussian_fill_study/configs/scenarios/phase5b_pilot_h2_original_start0_real.json,P5B-PILOT-05-H2_ORIGINAL_START0_REAL,pilot_replication,baseline_hbesc,gaussian_two_basin_original,real,0,0,700,planned
experiments/hbesc_gaussian_fill_study/configs/scenarios/phase5b_pilot_h3_original_start0_fast.json,P5B-PILOT-06-H3_ORIGINAL_START0_FAST,pilot_replication,baseline_hbesc,gaussian_two_basin_original,fast_sim_only,0,0,700,planned
experiments/hbesc_gaussian_fill_study/configs/scenarios/phase5b_pilot_q1_quadratic_start0_real.json,P5B-PILOT-07-Q1_QUADRATIC_START0_REAL,pilot_replication,baseline_hbesc,quadratic_bowl,real,0,0,300,planned
experiments/hbesc_gaussian_fill_study/configs/scenarios/phase5b_pilot_q2_quadratic_start6_real.json,P5B-PILOT-08-Q2_QUADRATIC_START6_REAL,pilot_replication,baseline_hbesc,quadratic_bowl,real,6,6,300,planned
experiments/hbesc_gaussian_fill_study/configs/scenarios/phase5b_pilot_q3_quadratic_start8_real.json,P5B-PILOT-09-Q3_QUADRATIC_START8_REAL,pilot_replication,baseline_hbesc,quadratic_bowl,real,8,8,300,planned
experiments/hbesc_gaussian_fill_study/configs/scenarios/phase5b_pilot_r1_quartic_start0_real.json,P5B-PILOT-10-R1_QUARTIC_START0_REAL,pilot_replication,baseline_hbesc,quartic_bowl,real,0,0,300,planned
experiments/hbesc_gaussian_fill_study/configs/scenarios/phase5b_pilot_r2_quartic_start6_real.json,P5B-PILOT-11-R2_QUARTIC_START6_REAL,pilot_replication,baseline_hbesc,quartic_bowl,real,6,6,300,planned
experiments/hbesc_gaussian_fill_study/configs/scenarios/phase5b_pilot_r3_quartic_start8_real.json,P5B-PILOT-12-R3_QUARTIC_START8_REAL,pilot_replication,baseline_hbesc,quartic_bowl,real,8,8,300,planned
experiments/hbesc_gaussian_fill_study/configs/scenarios/phase5b_pilot_w1_double_well_start1_slow.json,P5B-PILOT-13-W1_DOUBLE_WELL_START1_SLOW,pilot_replication,baseline_hbesc,quartic_double_well,slow,1,1,700,planned
experiments/hbesc_gaussian_fill_study/configs/scenarios/phase5b_pilot_w2_double_well_start1_real.json,P5B-PILOT-14-W2_DOUBLE_WELL_START1_REAL,pilot_replication,baseline_hbesc,quartic_double_well,real,1,1,700,planned
experiments/hbesc_gaussian_fill_study/configs/scenarios/phase5b_pilot_w3_double_well_start1_fast.json,P5B-PILOT-15-W3_DOUBLE_WELL_START1_FAST,pilot_replication,baseline_hbesc,quartic_double_well,fast_sim_only,1,1,700,planned
experiments/hbesc_gaussian_fill_study/configs/scenarios/phase5b_pilot_gf_q1_quadratic_start0_real.json,P5B-PILOT-GF-Q1_QUADRATIC_START0_REAL,pilot_gaussian_fill_pair,gaussian_fill,quadratic_bowl,conservative,0,0,500,planned
experiments/hbesc_gaussian_fill_study/configs/scenarios/phase5b_pilot_gf_r1_quartic_start0_real.json,P5B-PILOT-GF-R1_QUARTIC_START0_REAL,pilot_gaussian_fill_pair,gaussian_fill,quartic_bowl,conservative,0,0,500,planned
experiments/hbesc_gaussian_fill_study/configs/scenarios/phase5b_pilot_gf_r2_quartic_start6_real.json,P5B-PILOT-GF-R2_QUARTIC_START6_REAL,pilot_gaussian_fill_pair,gaussian_fill,quartic_bowl,conservative,6,6,500,planned
experiments/hbesc_gaussian_fill_study/configs/scenarios/phase5b_pilot_gf_w2_double_well_start1_real.json,P5B-PILOT-GF-W2_DOUBLE_WELL_START1_REAL,pilot_gaussian_fill_pair,gaussian_fill,quartic_double_well,conservative,1,1,700,planned
experiments/hbesc_gaussian_fill_study/configs/scenarios/phase5b_pilot_gf_g2_globalw40_start1_real.json,P5B-PILOT-GF-G2_GLOBALW40_START1_REAL,pilot_gaussian_fill_pair,gaussian_fill,gaussian_two_basin,conservative,1,1,700,planned
experiments/hbesc_gaussian_fill_study/configs/scenarios/phase5b_curv_shallow_hb.json,P5B-CURV-SHALLOW-HB,quartic_curvature_and_shape,baseline_hbesc,quartic_bowl,real,0,0,500,planned
experiments/hbesc_gaussian_fill_study/configs/scenarios/phase5b_curv_shallow_gf.json,P5B-CURV-SHALLOW-GF,quartic_curvature_and_shape,gaussian_fill,quartic_bowl,conservative,0,0,500,planned
experiments/hbesc_gaussian_fill_study/configs/scenarios/phase5b_curv_default_hb.json,P5B-CURV-DEFAULT-HB,quartic_curvature_and_shape,baseline_hbesc,quartic_bowl,real,0,0,500,planned
experiments/hbesc_gaussian_fill_study/configs/scenarios/phase5b_curv_default_gf.json,P5B-CURV-DEFAULT-GF,quartic_curvature_and_shape,gaussian_fill,quartic_bowl,conservative,0,0,500,planned
experiments/hbesc_gaussian_fill_study/configs/scenarios/phase5b_curv_steep_hb.json,P5B-CURV-STEEP-HB,quartic_curvature_and_shape,baseline_hbesc,quartic_bowl,real,0,0,500,planned
experiments/hbesc_gaussian_fill_study/configs/scenarios/phase5b_curv_steep_gf.json,P5B-CURV-STEEP-GF,quartic_curvature_and_shape,gaussian_fill,quartic_bowl,conservative,0,0,500,planned
experiments/hbesc_gaussian_fill_study/configs/scenarios/phase5b_curv_asym_hb.json,P5B-CURV-ASYM-HB,quartic_curvature_and_shape,baseline_hbesc,quartic_bowl,real,0,0,500,planned
experiments/hbesc_gaussian_fill_study/configs/scenarios/phase5b_curv_asym_gf.json,P5B-CURV-ASYM-GF,quartic_curvature_and_shape,gaussian_fill,quartic_bowl,conservative,0,0,500,planned
experiments/hbesc_gaussian_fill_study/configs/scenarios/phase5b_curv_cross_hb.json,P5B-CURV-CROSS-HB,quartic_curvature_and_shape,baseline_hbesc,quartic_bowl,real,0,0,500,planned
experiments/hbesc_gaussian_fill_study/configs/scenarios/phase5b_curv_cross_gf.json,P5B-CURV-CROSS-GF,quartic_curvature_and_shape,gaussian_fill,quartic_bowl,conservative,0,0,500,planned
experiments/hbesc_gaussian_fill_study/configs/scenarios/phase5b_dw_a0p0025_vx005_hb.json,P5B-DW-A0P0025-VX005-HB,double_well_alpha_speed,baseline_hbesc,quartic_double_well,vx005,1,1,700,planned
experiments/hbesc_gaussian_fill_study/configs/scenarios/phase5b_dw_a0p0025_vx010_hb.json,P5B-DW-A0P0025-VX010-HB,double_well_alpha_speed,baseline_hbesc,quartic_double_well,vx010,1,1,700,planned
experiments/hbesc_gaussian_fill_study/configs/scenarios/phase5b_dw_a0p0025_vx015_hb.json,P5B-DW-A0P0025-VX015-HB,double_well_alpha_speed,baseline_hbesc,quartic_double_well,vx015,1,1,700,planned
experiments/hbesc_gaussian_fill_study/configs/scenarios/phase5b_dw_a0p0025_vx020_hb.json,P5B-DW-A0P0025-VX020-HB,double_well_alpha_speed,baseline_hbesc,quartic_double_well,vx020,1,1,700,planned
experiments/hbesc_gaussian_fill_study/configs/scenarios/phase5b_dw_a0p0025_real_hb.json,P5B-DW-A0P0025-REAL-HB,double_well_alpha_speed,baseline_hbesc,quartic_double_well,real,1,1,700,planned
experiments/hbesc_gaussian_fill_study/configs/scenarios/phase5b_dw_a0p0025_gf.json,P5B-DW-A0P0025-GF,double_well_alpha_gaussian_fill,gaussian_fill,quartic_double_well,conservative,1,1,700,planned
experiments/hbesc_gaussian_fill_study/configs/scenarios/phase5b_dw_a0p005_vx005_hb.json,P5B-DW-A0P005-VX005-HB,double_well_alpha_speed,baseline_hbesc,quartic_double_well,vx005,1,1,700,planned
experiments/hbesc_gaussian_fill_study/configs/scenarios/phase5b_dw_a0p005_vx010_hb.json,P5B-DW-A0P005-VX010-HB,double_well_alpha_speed,baseline_hbesc,quartic_double_well,vx010,1,1,700,planned
experiments/hbesc_gaussian_fill_study/configs/scenarios/phase5b_dw_a0p005_vx015_hb.json,P5B-DW-A0P005-VX015-HB,double_well_alpha_speed,baseline_hbesc,quartic_double_well,vx015,1,1,700,planned
experiments/hbesc_gaussian_fill_study/configs/scenarios/phase5b_dw_a0p005_vx020_hb.json,P5B-DW-A0P005-VX020-HB,double_well_alpha_speed,baseline_hbesc,quartic_double_well,vx020,1,1,700,planned
experiments/hbesc_gaussian_fill_study/configs/scenarios/phase5b_dw_a0p005_real_hb.json,P5B-DW-A0P005-REAL-HB,double_well_alpha_speed,baseline_hbesc,quartic_double_well,real,1,1,700,planned
experiments/hbesc_gaussian_fill_study/configs/scenarios/phase5b_dw_a0p005_gf.json,P5B-DW-A0P005-GF,double_well_alpha_gaussian_fill,gaussian_fill,quartic_double_well,conservative,1,1,700,planned
experiments/hbesc_gaussian_fill_study/configs/scenarios/phase5b_dw_a0p01_vx005_hb.json,P5B-DW-A0P01-VX005-HB,double_well_alpha_speed,baseline_hbesc,quartic_double_well,vx005,1,1,700,planned
experiments/hbesc_gaussian_fill_study/configs/scenarios/phase5b_dw_a0p01_vx010_hb.json,P5B-DW-A0P01-VX010-HB,double_well_alpha_speed,baseline_hbesc,quartic_double_well,vx010,1,1,700,planned
experiments/hbesc_gaussian_fill_study/configs/scenarios/phase5b_dw_a0p01_vx015_hb.json,P5B-DW-A0P01-VX015-HB,double_well_alpha_speed,baseline_hbesc,quartic_double_well,vx015,1,1,700,planned
experiments/hbesc_gaussian_fill_study/configs/scenarios/phase5b_dw_a0p01_vx020_hb.json,P5B-DW-A0P01-VX020-HB,double_well_alpha_speed,baseline_hbesc,quartic_double_well,vx020,1,1,700,planned
experiments/hbesc_gaussian_fill_study/configs/scenarios/phase5b_dw_a0p01_real_hb.json,P5B-DW-A0P01-REAL-HB,double_well_alpha_speed,baseline_hbesc,quartic_double_well,real,1,1,700,planned
experiments/hbesc_gaussian_fill_study/configs/scenarios/phase5b_dw_a0p01_gf.json,P5B-DW-A0P01-GF,double_well_alpha_gaussian_fill,gaussian_fill,quartic_double_well,conservative,1,1,700,planned
experiments/hbesc_gaussian_fill_study/configs/scenarios/phase5b_dw_a0p02_vx005_hb.json,P5B-DW-A0P02-VX005-HB,double_well_alpha_speed,baseline_hbesc,quartic_double_well,vx005,1,1,700,planned
experiments/hbesc_gaussian_fill_study/configs/scenarios/phase5b_dw_a0p02_vx010_hb.json,P5B-DW-A0P02-VX010-HB,double_well_alpha_speed,baseline_hbesc,quartic_double_well,vx010,1,1,700,planned
experiments/hbesc_gaussian_fill_study/configs/scenarios/phase5b_dw_a0p02_vx015_hb.json,P5B-DW-A0P02-VX015-HB,double_well_alpha_speed,baseline_hbesc,quartic_double_well,vx015,1,1,700,planned
experiments/hbesc_gaussian_fill_study/configs/scenarios/phase5b_dw_a0p02_vx020_hb.json,P5B-DW-A0P02-VX020-HB,double_well_alpha_speed,baseline_hbesc,quartic_double_well,vx020,1,1,700,planned
experiments/hbesc_gaussian_fill_study/configs/scenarios/phase5b_dw_a0p02_real_hb.json,P5B-DW-A0P02-REAL-HB,double_well_alpha_speed,baseline_hbesc,quartic_double_well,real,1,1,700,planned
experiments/hbesc_gaussian_fill_study/configs/scenarios/phase5b_dw_a0p02_gf.json,P5B-DW-A0P02-GF,double_well_alpha_gaussian_fill,gaussian_fill,quartic_double_well,conservative,1,1,700,planned
experiments/hbesc_gaussian_fill_study/configs/scenarios/phase5b_dw_a0p04_vx005_hb.json,P5B-DW-A0P04-VX005-HB,double_well_alpha_speed,baseline_hbesc,quartic_double_well,vx005,1,1,700,planned
experiments/hbesc_gaussian_fill_study/configs/scenarios/phase5b_dw_a0p04_vx010_hb.json,P5B-DW-A0P04-VX010-HB,double_well_alpha_speed,baseline_hbesc,quartic_double_well,vx010,1,1,700,planned
experiments/hbesc_gaussian_fill_study/configs/scenarios/phase5b_dw_a0p04_vx015_hb.json,P5B-DW-A0P04-VX015-HB,double_well_alpha_speed,baseline_hbesc,quartic_double_well,vx015,1,1,700,planned
experiments/hbesc_gaussian_fill_study/configs/scenarios/phase5b_dw_a0p04_vx020_hb.json,P5B-DW-A0P04-VX020-HB,double_well_alpha_speed,baseline_hbesc,quartic_double_well,vx020,1,1,700,planned
experiments/hbesc_gaussian_fill_study/configs/scenarios/phase5b_dw_a0p04_real_hb.json,P5B-DW-A0P04-REAL-HB,double_well_alpha_speed,baseline_hbesc,quartic_double_well,real,1,1,700,planned
experiments/hbesc_gaussian_fill_study/configs/scenarios/phase5b_dw_a0p04_gf.json,P5B-DW-A0P04-GF,double_well_alpha_gaussian_fill,gaussian_fill,quartic_double_well,conservative,1,1,700,planned
experiments/hbesc_gaussian_fill_study/configs/scenarios/phase5b_dw_beta0p00625_hb.json,P5B-DW-BETA0P00625-HB,double_well_beta,baseline_hbesc,quartic_double_well,real,1,1,700,planned
experiments/hbesc_gaussian_fill_study/configs/scenarios/phase5b_dw_beta0p00625_gf.json,P5B-DW-BETA0P00625-GF,double_well_beta,gaussian_fill,quartic_double_well,conservative,1,1,700,planned
experiments/hbesc_gaussian_fill_study/configs/scenarios/phase5b_dw_beta0p025_hb.json,P5B-DW-BETA0P025-HB,double_well_beta,baseline_hbesc,quartic_double_well,real,1,1,700,planned
experiments/hbesc_gaussian_fill_study/configs/scenarios/phase5b_dw_beta0p025_gf.json,P5B-DW-BETA0P025-GF,double_well_beta,gaussian_fill,quartic_double_well,conservative,1,1,700,planned
experiments/hbesc_gaussian_fill_study/configs/scenarios/phase5b_dw_gamma0p0025_hb.json,P5B-DW-GAMMA0P0025-HB,double_well_gamma,baseline_hbesc,quartic_double_well,real,1,1,700,planned
experiments/hbesc_gaussian_fill_study/configs/scenarios/phase5b_dw_gamma0p0025_gf.json,P5B-DW-GAMMA0P0025-GF,double_well_gamma,gaussian_fill,quartic_double_well,conservative,1,1,700,planned
experiments/hbesc_gaussian_fill_study/configs/scenarios/phase5b_dw_gamma0p01_hb.json,P5B-DW-GAMMA0P01-HB,double_well_gamma,baseline_hbesc,quartic_double_well,real,1,1,700,planned
experiments/hbesc_gaussian_fill_study/configs/scenarios/phase5b_dw_gamma0p01_gf.json,P5B-DW-GAMMA0P01-GF,double_well_gamma,gaussian_fill,quartic_double_well,conservative,1,1,700,planned
experiments/hbesc_gaussian_fill_study/configs/scenarios/phase5b_start_s00_hb.json,P5B-START-S00-HB,starting_position_grid,baseline_hbesc,quartic_double_well,real,0,0,700,planned
experiments/hbesc_gaussian_fill_study/configs/scenarios/phase5b_start_s00_gf.json,P5B-START-S00-GF,starting_position_grid,gaussian_fill,quartic_double_well,conservative,0,0,700,planned
experiments/hbesc_gaussian_fill_study/configs/scenarios/phase5b_start_s11_hb.json,P5B-START-S11-HB,starting_position_grid,baseline_hbesc,quartic_double_well,real,1,1,700,planned
experiments/hbesc_gaussian_fill_study/configs/scenarios/phase5b_start_s11_gf.json,P5B-START-S11-GF,starting_position_grid,gaussian_fill,quartic_double_well,conservative,1,1,700,planned
experiments/hbesc_gaussian_fill_study/configs/scenarios/phase5b_start_s31_hb.json,P5B-START-S31-HB,starting_position_grid,baseline_hbesc,quartic_double_well,real,3,1,700,planned
experiments/hbesc_gaussian_fill_study/configs/scenarios/phase5b_start_s31_gf.json,P5B-START-S31-GF,starting_position_grid,gaussian_fill,quartic_double_well,conservative,3,1,700,planned
experiments/hbesc_gaussian_fill_study/configs/scenarios/phase5b_start_s55_hb.json,P5B-START-S55-HB,starting_position_grid,baseline_hbesc,quartic_double_well,real,5,5,700,planned
experiments/hbesc_gaussian_fill_study/configs/scenarios/phase5b_start_s55_gf.json,P5B-START-S55-GF,starting_position_grid,gaussian_fill,quartic_double_well,conservative,5,5,700,planned
experiments/hbesc_gaussian_fill_study/configs/scenarios/phase5b_start_s81_hb.json,P5B-START-S81-HB,starting_position_grid,baseline_hbesc,quartic_double_well,real,8,1,700,planned
experiments/hbesc_gaussian_fill_study/configs/scenarios/phase5b_start_s81_gf.json,P5B-START-S81-GF,starting_position_grid,gaussian_fill,quartic_double_well,conservative,8,1,700,planned
experiments/hbesc_gaussian_fill_study/configs/scenarios/phase5b_noise_seed101_hb.json,P5B-NOISE-SEED101-HB,noise_seed,baseline_hbesc,quartic_double_well,real,1,1,700,planned
experiments/hbesc_gaussian_fill_study/configs/scenarios/phase5b_noise_seed101_gf.json,P5B-NOISE-SEED101-GF,noise_seed,gaussian_fill,quartic_double_well,conservative,1,1,700,planned
experiments/hbesc_gaussian_fill_study/configs/scenarios/phase5b_noise_seed202_hb.json,P5B-NOISE-SEED202-HB,noise_seed,baseline_hbesc,quartic_double_well,real,1,1,700,planned
experiments/hbesc_gaussian_fill_study/configs/scenarios/phase5b_noise_seed202_gf.json,P5B-NOISE-SEED202-GF,noise_seed,gaussian_fill,quartic_double_well,conservative,1,1,700,planned
experiments/hbesc_gaussian_fill_study/configs/scenarios/phase5b_noise_seed303_hb.json,P5B-NOISE-SEED303-HB,noise_seed,baseline_hbesc,quartic_double_well,real,1,1,700,planned
experiments/hbesc_gaussian_fill_study/configs/scenarios/phase5b_noise_seed303_gf.json,P5B-NOISE-SEED303-GF,noise_seed,gaussian_fill,quartic_double_well,conservative,1,1,700,planned
